preference_model,pricing_model,n_items,gamma,delta,K,alpha,lambda_,seed,T,utility_gap_M_minus_m,purchase_gap_M_minus_m,revenue_gap_M_minus_m,recommended_value_gap_M_minus_m,best_recommended_value_gap_M_minus_m,overall_minority_item_exposure,minority_population_share,random_minority_item_share,exposure_representation_gap,exposure_random_gap,total_revenue,avg_revenue_per_user,overall_purchase_rate,minority_item_purchase_share,avg_shown_price,avg_oracle_price_all_items,avg_final_mle_price_all_items,avg_abs_mle_oracle_price_error_all_items,avg_abs_mle_oracle_price_error_minority_items,avg_abs_mle_oracle_price_error_majority_items,avg_oracle_r_star_minority_items,avg_oracle_r_star_majority_items,avg_mle_exposures_minority_items,avg_mle_exposures_majority_items,n_minority_preferred_items,mle_price_grid_coverage,mle_mean_exposures_observed_cell,mle_median_exposures_observed_cell,mle_unobserved_item_price_cells
gaussian,fixed,50,0.0,0.95,1,0.9,0.1,0,300,-0.13262264299748983,-0.2581818181818182,-0.1936363636363636,-0.1681502660394456,-0.1681502660394456,0.07333333333333333,0.09999999999999998,0.19999999999999998,0.026666666666666644,0.12666666666666665,162.75,0.5425,0.7233333333333334,0.056666666666666664,0.75,0.7133999999999999,,,,,0.5941182998767679,0.5858511105622557,0.0,0.0,10.0,,,,
gaussian,fixed,50,0.0,0.95,1,0.9,0.25,0,300,-0.1301497479116027,-0.2545454545454545,-0.19090909090909092,-0.16556760872974374,-0.16556760872974374,0.07666666666666666,0.09999999999999998,0.19999999999999998,0.023333333333333317,0.12333333333333332,163.5,0.545,0.7266666666666667,0.06,0.75,0.7133999999999999,,,,,0.5941182998767679,0.5858511105622557,0.0,0.0,10.0,,,,
gaussian,fixed,50,0.0,0.95,3,0.9,0.1,0,300,0.3432675297371229,0.19212054622508234,0.1440904096688117,0.35601306911418396,0.3876576063839462,0.1577777777777778,0.09999999999999998,0.19999999999999998,-0.05777777777777782,0.04222222222222219,216.0,0.72,0.96,0.10666666666666667,0.75,0.7133999999999999,,,,,0.5941182998767679,0.5858511105622557,0.0,0.0,10.0,,,,
gaussian,fixed,50,0.0,0.95,3,0.9,0.25,0,300,0.2834285288918916,0.14130434782608692,0.10597826086956519,0.2585396156285763,0.32064007602844313,0.1288888888888889,0.09999999999999998,0.19999999999999998,-0.02888888888888891,0.0711111111111111,216.75,0.7225,0.9633333333333334,0.09333333333333334,0.75,0.7133999999999999,,,,,0.5941182998767679,0.5858511105622557,0.0,0.0,10.0,,,,
gaussian,fixed,50,0.0,0.95,5,0.9,0.1,0,300,0.19177744453652812,0.0,0.0,0.17357115592058148,0.1917774445365279,0.17933333333333332,0.09999999999999998,0.19999999999999998,-0.07933333333333334,0.020666666666666667,225.0,0.75,1.0,0.12333333333333334,0.75,0.7133999999999999,,,,,0.5941182998767679,0.5858511105622557,0.0,0.0,10.0,,,,
gaussian,fixed,50,0.0,0.95,5,0.9,0.25,0,300,0.09333475744897968,0.0,0.0,0.28532365547086747,0.09333475744897957,0.25133333333333335,0.09999999999999998,0.19999999999999998,-0.15133333333333338,-0.05133333333333337,225.0,0.75,1.0,0.17333333333333334,0.75,0.7133999999999999,,,,,0.5941182998767679,0.5858511105622557,0.0,0.0,10.0,,,,
gaussian,fixed,50,0.0,0.99,1,0.9,0.1,0,300,-0.13262264299748983,-0.2581818181818182,-0.1936363636363636,-0.1681502660394456,-0.1681502660394456,0.07333333333333333,0.09999999999999998,0.19999999999999998,0.026666666666666644,0.12666666666666665,162.75,0.5425,0.7233333333333334,0.056666666666666664,0.75,0.7133999999999999,,,,,0.5941182998767679,0.5858511105622557,0.0,0.0,10.0,,,,
gaussian,fixed,50,0.0,0.99,1,0.9,0.25,0,300,-0.11955171351828703,-0.10909090909090902,-0.08181818181818179,-0.14331883636245646,-0.14331883636245646,0.7266666666666667,0.09999999999999998,0.19999999999999998,-0.6266666666666667,-0.5266666666666667,193.5,0.645,0.86,0.71,0.75,0.7133999999999999,,,,,0.5941182998767679,0.5858511105622557,0.0,0.0,10.0,,,,
gaussian,fixed,50,0.0,0.99,3,0.9,0.1,0,300,0.2825566820412548,0.11712184873949583,0.08784138655462181,0.334751549574579,0.3094075822838236,0.13333333333333333,0.09999999999999998,0.19999999999999998,-0.033333333333333354,0.06666666666666665,216.75,0.7225,0.9633333333333334,0.10333333333333333,0.75,0.7133999999999999,,,,,0.5941182998767679,0.5858511105622557,0.0,0.0,10.0,,,,
gaussian,fixed,50,0.0,0.99,3,0.9,0.25,0,300,0.13955774672512106,0.014545454545454528,0.01090909090909098,0.15564095765494101,0.1515758944121124,0.11111111111111109,0.09999999999999998,0.19999999999999998,-0.011111111111111113,0.08888888888888889,219.0,0.73,0.9733333333333334,0.1,0.75,0.7133999999999999,,,,,0.5941182998767679,0.5858511105622557,0.0,0.0,10.0,,,,
gaussian,fixed,50,0.0,0.99,5,0.9,0.1,0,300,0.19820369307101493,0.0,0.0,0.185698092719915,0.19820369307101493,0.17533333333333334,0.09999999999999998,0.19999999999999998,-0.07533333333333336,0.024666666666666642,225.0,0.75,1.0,0.12333333333333334,0.75,0.7133999999999999,,,,,0.5941182998767679,0.5858511105622557,0.0,0.0,10.0,,,,
gaussian,fixed,50,0.0,0.99,5,0.9,0.25,0,300,0.1475480332729041,0.033333333333333326,0.025000000000000022,0.20185550618359227,0.15075712258178164,0.19066666666666668,0.09999999999999998,0.19999999999999998,-0.0906666666666667,0.009333333333333305,224.25,0.7475,0.9966666666666667,0.13666666666666666,0.75,0.7133999999999999,,,,,0.5941182998767679,0.5858511105622557,0.0,0.0,10.0,,,,
gaussian,fixed,50,0.3,0.95,1,0.9,0.1,0,300,-0.059912006946526986,-0.09090909090909094,-0.06818181818181812,-0.10321211786615303,-0.10321211786615303,0.7333333333333333,0.09999999999999998,0.19999999999999998,-0.6333333333333333,-0.5333333333333333,161.25,0.5375,0.7166666666666667,0.6566666666666666,0.75,0.51612,,,,,0.3888609402809491,0.4002863398403928,0.0,0.0,10.0,,,,
gaussian,fixed,50,0.3,0.95,1,0.9,0.25,0,300,0.0455087707922378,0.21090909090909093,0.15818181818181815,0.08019379518752334,0.08019379518752334,0.07333333333333333,0.09999999999999998,0.19999999999999998,0.026666666666666644,0.12666666666666665,124.5,0.415,0.5533333333333333,0.04,0.75,0.51612,,,,,0.3888609402809491,0.4002863398403928,0.0,0.0,10.0,,,,
gaussian,fixed,50,0.3,0.95,3,0.9,0.1,0,300,0.08429934859840876,0.3054545454545454,0.22909090909090907,0.09870197875791076,0.12370437043866267,0.14555555555555555,0.09999999999999998,0.19999999999999998,-0.04555555555555557,0.054444444444444434,198.0,0.66,0.88,0.10333333333333333,0.75,0.51612,,,,,0.3888609402809491,0.4002863398403928,0.0,0.0,10.0,,,,
gaussian,fixed,50,0.3,0.95,3,0.9,0.25,0,300,0.11231958569502293,0.21225566614701996,0.15919174961026505,0.15740588053838522,0.1356353351452524,0.12444444444444443,0.09999999999999998,0.19999999999999998,-0.02444444444444445,0.07555555555555556,202.5,0.675,0.9,0.09666666666666666,0.75,0.51612,,,,,0.3888609402809491,0.4002863398403928,0.0,0.0,10.0,,,,
gaussian,fixed,50,0.3,0.95,5,0.9,0.1,0,300,0.1318170210288722,0.1777777777777777,0.1333333333333333,0.13219513783111925,0.15410353988572123,0.17133333333333337,0.09999999999999998,0.19999999999999998,-0.07133333333333339,0.028666666666666618,216.0,0.72,0.96,0.11333333333333333,0.75,0.51612,,,,,0.3888609402809491,0.4002863398403928,0.0,0.0,10.0,,,,
gaussian,fixed,50,0.3,0.95,5,0.9,0.25,0,300,0.07263317991946083,-0.01845018450184499,-0.013837638376383743,0.21917994698602516,0.07156531285523715,0.24266666666666667,0.09999999999999998,0.19999999999999998,-0.1426666666666667,-0.042666666666666686,221.25,0.7375,0.9833333333333333,0.19333333333333333,0.75,0.51612,,,,,0.3888609402809491,0.4002863398403928,0.0,0.0,10.0,,,,
gaussian,fixed,50,0.3,0.99,1,0.9,0.1,0,300,-0.058347012038223484,-0.08363636363636373,-0.06272727272727274,-0.10061363324630179,-0.10061363324630179,0.74,0.09999999999999998,0.19999999999999998,-0.64,-0.54,162.75,0.5425,0.7233333333333334,0.6633333333333333,0.75,0.51612,,,,,0.3888609402809491,0.4002863398403928,0.0,0.0,10.0,,,,
gaussian,fixed,50,0.3,0.99,1,0.9,0.25,0,300,0.0455087707922378,0.21090909090909093,0.15818181818181815,0.08019379518752334,0.08019379518752334,0.07333333333333333,0.09999999999999998,0.19999999999999998,0.026666666666666644,0.12666666666666665,124.5,0.415,0.5533333333333333,0.04,0.75,0.51612,,,,,0.3888609402809491,0.4002863398403928,0.0,0.0,10.0,,,,
gaussian,fixed,50,0.3,0.99,3,0.9,0.1,0,300,0.1467656549728264,0.4585084033613446,0.34388130252100846,0.2277010009867962,0.2297407775261996,0.12888888888888891,0.09999999999999998,0.19999999999999998,-0.028888888888888936,0.07111111111111107,198.0,0.66,0.88,0.10333333333333333,0.75,0.51612,,,,,0.3888609402809491,0.4002863398403928,0.0,0.0,10.0,,,,
gaussian,fixed,50,0.3,0.99,3,0.9,0.25,0,300,0.1573200949024369,0.4415954415954417,0.3311965811965812,0.18992016335916162,0.2234472994173522,0.12555555555555556,0.09999999999999998,0.19999999999999998,-0.02555555555555558,0.07444444444444442,198.75,0.6625,0.8833333333333333,0.08666666666666667,0.75,0.51612,,,,,0.3888609402809491,0.4002863398403928,0.0,0.0,10.0,,,,
gaussian,fixed,50,0.3,0.99,5,0.9,0.1,0,300,0.06422119090000827,0.08913308913308915,0.06684981684981683,0.11351874875822876,0.07519701540202617,0.2,0.09999999999999998,0.19999999999999998,-0.10000000000000003,-2.7755575615628914e-17,218.25,0.7275,0.97,0.15,0.75,0.51612,,,,,0.3888609402809491,0.4002863398403928,0.0,0.0,10.0,,,,
gaussian,fixed,50,0.3,0.99,5,0.9,0.25,0,300,0.12715910745007214,0.07509328358208955,0.05631996268656714,0.19831113923127308,0.13426558985432946,0.18999999999999997,0.09999999999999998,0.19999999999999998,-0.09,0.010000000000000009,219.0,0.73,0.9733333333333334,0.18333333333333332,0.75,0.51612,,,,,0.3888609402809491,0.4002863398403928,0.0,0.0,10.0,,,,
gaussian,fixed,50,0.7,0.95,1,0.9,0.1,0,300,-0.03681933457072323,-0.08727272727272728,-0.06545454545454549,-0.1149639954966648,-0.1149639954966648,0.07333333333333333,0.09999999999999998,0.19999999999999998,0.026666666666666644,0.12666666666666665,144.0,0.48,0.64,0.0,0.75,0.27092000000000005,,,,,0.15082943483849204,0.18091075617796593,0.0,0.0,10.0,,,,
gaussian,fixed,50,0.7,0.95,1,0.9,0.25,0,300,-0.03663250286044617,-0.08363636363636362,-0.06272727272727274,-0.09977847923152117,-0.09977847923152117,0.08333333333333333,0.09999999999999998,0.19999999999999998,0.01666666666666665,0.11666666666666665,117.75,0.3925,0.5233333333333333,0.0,0.75,0.27092000000000005,,,,,0.15082943483849204,0.18091075617796593,0.0,0.0,10.0,,,,
gaussian,fixed,50,0.7,0.95,3,0.9,0.1,0,300,0.017262647829551392,-0.05837173579109067,-0.04377880184331795,0.014740598524952908,0.024788310325704055,0.14777777777777776,0.09999999999999998,0.19999999999999998,-0.04777777777777778,0.052222222222222225,148.5,0.495,0.66,0.0,0.75,0.27092000000000005,,,,,0.15082943483849204,0.18091075617796593,0.0,0.0,10.0,,,,
gaussian,fixed,50,0.7,0.95,3,0.9,0.25,0,300,0.017262647829551392,-0.05837173579109067,-0.04377880184331795,0.016551331114037504,0.024788310325704055,0.14999999999999997,0.09999999999999998,0.19999999999999998,-0.04999999999999999,0.05000000000000002,148.5,0.495,0.66,0.0,0.75,0.27092000000000005,,,,,0.15082943483849204,0.18091075617796593,0.0,0.0,10.0,,,,
gaussian,fixed,50,0.7,0.95,5,0.9,0.1,0,300,-0.028809700291932056,-0.07773707773707772,-0.05830280830280832,0.01872643916185185,-0.0456811942105666,0.17666666666666667,0.09999999999999998,0.19999999999999998,-0.07666666666666669,0.023333333333333317,150.75,0.5025,0.67,0.0,0.75,0.27092000000000005,,,,,0.15082943483849204,0.18091075617796593,0.0,0.0,10.0,,,,
gaussian,fixed,50,0.7,0.95,5,0.9,0.25,0,300,-0.03653396639160805,-0.12393434279170379,-0.09295075709377787,0.021030624487055227,-0.06178121875381448,0.18,0.09999999999999998,0.19999999999999998,-0.08000000000000002,0.01999999999999999,145.5,0.485,0.6466666666666666,0.0,0.75,0.27092000000000005,,,,,0.15082943483849204,0.18091075617796593,0.0,0.0,10.0,,,,
gaussian,fixed,50,0.7,0.99,1,0.9,0.1,0,300,-0.03681933457072323,-0.08727272727272728,-0.06545454545454549,-0.1149639954966648,-0.1149639954966648,0.07333333333333333,0.09999999999999998,0.19999999999999998,0.026666666666666644,0.12666666666666665,144.0,0.48,0.64,0.0,0.75,0.27092000000000005,,,,,0.15082943483849204,0.18091075617796593,0.0,0.0,10.0,,,,
gaussian,fixed,50,0.7,0.99,1,0.9,0.25,0,300,-0.03681933457072323,-0.08727272727272728,-0.06545454545454549,-0.1149639954966648,-0.1149639954966648,0.07333333333333333,0.09999999999999998,0.19999999999999998,0.026666666666666644,0.12666666666666665,144.0,0.48,0.64,0.0,0.75,0.27092000000000005,,,,,0.15082943483849204,0.18091075617796593,0.0,0.0,10.0,,,,
gaussian,fixed,50,0.7,0.99,3,0.9,0.1,0,300,0.017262647829551392,-0.05837173579109067,-0.04377880184331795,0.020719455926242802,0.024788310325704055,0.14777777777777776,0.09999999999999998,0.19999999999999998,-0.04777777777777778,0.052222222222222225,148.5,0.495,0.66,0.0,0.75,0.27092000000000005,,,,,0.15082943483849204,0.18091075617796593,0.0,0.0,10.0,,,,
gaussian,fixed,50,0.7,0.99,3,0.9,0.25,0,300,0.017262647829551392,-0.05837173579109067,-0.04377880184331795,0.015030459945327201,0.024788310325704055,0.14777777777777776,0.09999999999999998,0.19999999999999998,-0.04777777777777778,0.052222222222222225,148.5,0.495,0.66,0.0,0.75,0.27092000000000005,,,,,0.15082943483849204,0.18091075617796593,0.0,0.0,10.0,,,,
gaussian,fixed,50,0.7,0.99,5,0.9,0.1,0,300,-0.0364900629166634,-0.125925925925926,-0.09444444444444439,0.023455088855803052,-0.06231433344554027,0.18066666666666667,0.09999999999999998,0.19999999999999998,-0.08066666666666669,0.019333333333333313,147.0,0.49,0.6533333333333333,0.0,0.75,0.27092000000000005,,,,,0.15082943483849204,0.18091075617796593,0.0,0.0,10.0,,,,
gaussian,fixed,50,0.7,0.99,5,0.9,0.25,0,300,-0.04662665745197206,-0.09090909090909094,-0.06818181818181812,0.01212190289087256,-0.06443641187462923,0.1753333333333333,0.09999999999999998,0.19999999999999998,-0.07533333333333334,0.02466666666666667,152.25,0.5075,0.6766666666666666,0.0,0.75,0.27092000000000005,,,,,0.15082943483849204,0.18091075617796593,0.0,0.0,10.0,,,,
gaussian,oracle,50,0.0,0.95,1,0.9,0.1,0,300,-0.15562900023261816,-0.040000000000000036,-0.024603636363636272,-0.1681502660394456,-0.1681502660394456,0.07333333333333333,0.09999999999999998,0.19999999999999998,0.026666666666666644,0.12666666666666665,181.886,0.6062866666666666,0.8833333333333333,0.06333333333333334,0.6810066666666668,0.7133999999999999,,,,,0.5941182998767679,0.5858511105622557,0.0,0.0,10.0,,,,
gaussian,oracle,50,0.0,0.95,1,0.9,0.25,0,300,-0.15562900023261816,-0.040000000000000036,-0.024603636363636272,-0.1681502660394456,-0.1681502660394456,0.07333333333333333,0.09999999999999998,0.19999999999999998,0.026666666666666644,0.12666666666666665,181.886,0.6062866666666666,0.8833333333333333,0.06333333333333334,0.6810066666666668,0.7133999999999999,,,,,0.5941182998767679,0.5858511105622557,0.0,0.0,10.0,,,,
gaussian,oracle,50,0.0,0.95,3,0.9,0.1,0,300,-0.13358055976464045,0.14082214082214084,0.37855026455026464,0.23234785307722083,0.22967478488445514,0.14222222222222225,0.09999999999999998,0.19999999999999998,-0.04222222222222227,0.057777777777777733,253.622,0.8454066666666668,0.98,0.12333333333333334,0.83258,0.7133999999999999,,,,,0.5941182998767679,0.5858511105622557,0.0,0.0,10.0,,,,
gaussian,oracle,50,0.0,0.95,3,0.9,0.25,0,300,-0.17139473207260542,0.027518656716417955,0.11037593283582081,0.045420059460201,-0.037865831399990224,0.34777777777777774,0.09999999999999998,0.19999999999999998,-0.24777777777777776,-0.14777777777777776,263.787,0.8792899999999999,0.9933333333333333,0.43333333333333335,0.8442277777777779,0.7133999999999999,,,,,0.5941182998767679,0.5858511105622557,0.0,0.0,10.0,,,,
gaussian,oracle,50,0.0,0.95,5,0.9,0.1,0,300,-0.19956217805116522,0.0,0.17979636363636364,0.0912617986515023,0.06551890453330933,0.18733333333333332,0.09999999999999998,0.19999999999999998,-0.08733333333333335,0.01266666666666666,246.892,0.8229733333333333,1.0,0.16333333333333333,0.7621933333333334,0.7133999999999999,,,,,0.5941182998767679,0.5858511105622557,0.0,0.0,10.0,,,,
gaussian,oracle,50,0.0,0.95,5,0.9,0.25,0,300,-0.10178228064420092,0.040000000000000036,0.2627818181818181,0.34416123542224974,0.17525712745625444,0.19799999999999998,0.09999999999999998,0.19999999999999998,-0.098,0.0020000000000000018,290.197,0.9673233333333333,0.9966666666666667,0.21,0.921364,0.7133999999999999,,,,,0.5941182998767679,0.5858511105622557,0.0,0.0,10.0,,,,
gaussian,oracle,50,0.0,0.99,1,0.9,0.1,0,300,-0.06257704274339981,-0.0072727272727273196,-0.08081454545454536,-0.13590845995245981,-0.13590845995245981,0.74,0.09999999999999998,0.19999999999999998,-0.64,-0.54,272.028,0.9067600000000001,0.9133333333333333,0.7,0.9743400000000001,0.7133999999999999,,,,,0.5941182998767679,0.5858511105622557,0.0,0.0,10.0,,,,
gaussian,oracle,50,0.0,0.99,1,0.9,0.25,0,300,-0.06257704274339981,-0.0072727272727273196,-0.08081454545454536,-0.13590845995245981,-0.13590845995245981,0.74,0.09999999999999998,0.19999999999999998,-0.64,-0.54,272.028,0.9067600000000001,0.9133333333333333,0.7,0.9743400000000001,0.7133999999999999,,,,,0.5941182998767679,0.5858511105622557,0.0,0.0,10.0,,,,
gaussian,oracle,50,0.0,0.99,3,0.9,0.1,0,300,-0.14703469914609651,0.0763636363636363,0.22074545454545447,0.11479018743587588,0.08416194116361608,0.1511111111111111,0.09999999999999998,0.19999999999999998,-0.051111111111111135,0.04888888888888887,251.673,0.83891,0.99,0.14666666666666667,0.8018677777777776,0.7133999999999999,,,,,0.5941182998767679,0.5858511105622557,0.0,0.0,10.0,,,,
gaussian,oracle,50,0.0,0.99,3,0.9,0.25,0,300,-0.1339058780045047,0.06407563025210083,0.1620388655462185,0.06106253903197001,-0.020826095916026688,0.34777777777777774,0.09999999999999998,0.19999999999999998,-0.24777777777777776,-0.14777777777777776,255.221,0.8507366666666667,0.9866666666666667,0.38333333333333336,0.8384711111111112,0.7133999999999999,,,,,0.5941182998767679,0.5858511105622557,0.0,0.0,10.0,,,,
gaussian,oracle,50,0.0,0.99,5,0.9,0.1,0,300,-0.22269825692696965,0.0357142857142857,0.2956260504201681,0.22081727288512676,0.20641459715806287,0.18466666666666667,0.09999999999999998,0.19999999999999998,-0.0846666666666667,0.01533333333333331,255.77100000000002,0.85257,0.9966666666666667,0.19,0.7785740000000001,0.7133999999999999,,,,,0.5941182998767679,0.5858511105622557,0.0,0.0,10.0,,,,
gaussian,oracle,50,0.0,0.99,5,0.9,0.25,0,300,-0.2063853412123931,0.04166666666666663,0.3671702898550724,0.2728636690006957,0.23013654299606667,0.1653333333333333,0.09999999999999998,0.19999999999999998,-0.06533333333333333,0.03466666666666668,270.414,0.90138,0.9966666666666667,0.17333333333333334,0.8264706666666667,0.7133999999999999,,,,,0.5941182998767679,0.5858511105622557,0.0,0.0,10.0,,,,
gaussian,oracle,50,0.3,0.95,1,0.9,0.1,0,300,-0.09478010986578006,-0.13454545454545463,-0.08246181818181825,-0.12444719075907162,-0.12444719075907162,0.07333333333333333,0.09999999999999998,0.19999999999999998,0.026666666666666644,0.12666666666666665,129.183,0.43061,0.7966666666666666,0.06,0.53464,0.51612,,,,,0.3888609402809491,0.4002863398403928,0.0,0.0,10.0,,,,
gaussian,oracle,50,0.3,0.95,1,0.9,0.25,0,300,0.08119821804613656,0.21818181818181814,0.1173309090909091,0.08019379518752334,0.08019379518752334,0.07333333333333333,0.09999999999999998,0.19999999999999998,0.026666666666666644,0.12666666666666665,147.34600000000003,0.49115333333333344,0.84,0.06,0.5759733333333334,0.51612,,,,,0.3888609402809491,0.4002863398403928,0.0,0.0,10.0,,,,
gaussian,oracle,50,0.3,0.95,3,0.9,0.1,0,300,-0.02607980809816518,0.09606820206133093,0.1753025830258303,0.0898437699698057,0.1267025607868345,0.1411111111111111,0.09999999999999998,0.19999999999999998,-0.041111111111111126,0.05888888888888888,175.307,0.5843566666666666,0.9833333333333333,0.13,0.5826277777777777,0.51612,,,,,0.3888609402809491,0.4002863398403928,0.0,0.0,10.0,,,,
gaussian,oracle,50,0.3,0.95,3,0.9,0.25,0,300,0.11999917346580402,0.32592592592592595,0.30238518518518526,0.23500559166062873,0.2724057762046185,0.08888888888888888,0.09999999999999998,0.19999999999999998,0.0111111111111111,0.1111111111111111,185.824,0.6194133333333334,0.96,0.08,0.6509633333333333,0.51612,,,,,0.3888609402809491,0.4002863398403928,0.0,0.0,10.0,,,,
gaussian,oracle,50,0.3,0.95,5,0.9,0.1,0,300,-0.06918833641366329,0.0357142857142857,0.13725157563025214,0.1520254783075411,0.0935213586902034,0.17066666666666666,0.09999999999999998,0.19999999999999998,-0.07066666666666668,0.029333333333333322,177.636,0.59212,0.9966666666666667,0.19333333333333333,0.5673993333333334,0.51612,,,,,0.3888609402809491,0.4002863398403928,0.0,0.0,10.0,,,,
gaussian,oracle,50,0.3,0.95,5,0.9,0.25,0,300,-0.2072019669320292,0.0,0.14118477818477826,0.09901482245917792,-0.0061895557450701855,0.3,0.09999999999999998,0.19999999999999998,-0.2,-0.1,191.79899999999998,0.63933,1.0,0.34,0.6164126666666667,0.51612,,,,,0.3888609402809491,0.4002863398403928,0.0,0.0,10.0,,,,
gaussian,oracle,50,0.3,0.99,1,0.9,0.1,0,300,-0.09478010986578006,-0.13454545454545463,-0.08246181818181825,-0.12444719075907162,-0.12444719075907162,0.07333333333333333,0.09999999999999998,0.19999999999999998,0.026666666666666644,0.12666666666666665,129.183,0.43061,0.7966666666666666,0.06,0.53464,0.51612,,,,,0.3888609402809491,0.4002863398403928,0.0,0.0,10.0,,,,
gaussian,oracle,50,0.3,0.99,1,0.9,0.25,0,300,-0.09478010986578006,-0.13454545454545463,-0.08246181818181825,-0.12444719075907162,-0.12444719075907162,0.07333333333333333,0.09999999999999998,0.19999999999999998,0.026666666666666644,0.12666666666666665,129.183,0.43061,0.7966666666666666,0.06,0.53464,0.51612,,,,,0.3888609402809491,0.4002863398403928,0.0,0.0,10.0,,,,
gaussian,oracle,50,0.3,0.99,3,0.9,0.1,0,300,-0.13641959464900139,0.07251608852613411,0.1296134044890912,0.025816170867041466,-0.03365001435507653,0.35333333333333333,0.09999999999999998,0.19999999999999998,-0.25333333333333335,-0.15333333333333335,179.029,0.5967633333333333,0.98,0.42333333333333334,0.5736322222222222,0.51612,,,,,0.3888609402809491,0.4002863398403928,0.0,0.0,10.0,,,,
gaussian,oracle,50,0.3,0.99,3,0.9,0.25,0,300,-0.1439810681286675,0.04964624055642164,0.14128864372226885,0.02932214179507009,-0.01566338933071254,0.3644444444444444,0.09999999999999998,0.19999999999999998,-0.2644444444444444,-0.16444444444444442,174.82599999999996,0.5827533333333332,0.98,0.4066666666666667,0.5766288888888887,0.51612,,,,,0.3888609402809491,0.4002863398403928,0.0,0.0,10.0,,,,
gaussian,oracle,50,0.3,0.99,5,0.9,0.1,0,300,-0.12318352985051922,0.05555555555555558,0.21230496453900716,0.15441074179549608,0.15177294944545072,0.16599999999999998,0.09999999999999998,0.19999999999999998,-0.066,0.034,188.17,0.6272333333333333,0.9966666666666667,0.16333333333333333,0.5721166666666667,0.51612,,,,,0.3888609402809491,0.4002863398403928,0.0,0.0,10.0,,,,
gaussian,oracle,50,0.3,0.99,5,0.9,0.25,0,300,-0.08797032660357851,0.03703703703703709,0.16443630443630447,0.19327089232633377,0.13686160597826957,0.18133333333333332,0.09999999999999998,0.19999999999999998,-0.08133333333333334,0.018666666666666665,182.88,0.6096,0.9966666666666667,0.19,0.5708106666666667,0.51612,,,,,0.3888609402809491,0.4002863398403928,0.0,0.0,10.0,,,,
gaussian,oracle,50,0.7,0.95,1,0.9,0.1,0,300,-0.03700494904553908,-0.10545454545454547,-0.04110909090909093,-0.06528089892468741,-0.06528089892468741,0.07333333333333333,0.09999999999999998,0.19999999999999998,0.026666666666666644,0.12666666666666665,67.151,0.22383666666666666,0.6633333333333333,0.05,0.33024666666666663,0.27092000000000005,,,,,0.15082943483849204,0.18091075617796593,0.0,0.0,10.0,,,,
gaussian,oracle,50,0.7,0.95,1,0.9,0.25,0,300,-0.14616058225998008,-0.28727272727272735,-0.062389090909090894,-0.1691187002540907,-0.1691187002540907,0.7,0.09999999999999998,0.19999999999999998,-0.6,-0.5,50.04299999999999,0.16680999999999999,0.6566666666666666,0.48,0.24939666666666668,0.27092000000000005,,,,,0.15082943483849204,0.18091075617796593,0.0,0.0,10.0,,,,
gaussian,oracle,50,0.7,0.95,3,0.9,0.1,0,300,0.04084978760092001,-0.018115942028985477,0.011391304347826037,0.06592827422455788,0.06404000717234648,0.10777777777777776,0.09999999999999998,0.19999999999999998,-0.007777777777777786,0.09222222222222222,104.494,0.3483133333333333,0.9833333333333333,0.09,0.33544999999999997,0.27092000000000005,,,,,0.15082943483849204,0.18091075617796593,0.0,0.0,10.0,,,,
gaussian,oracle,50,0.7,0.95,3,0.9,0.25,0,300,0.02606232999474281,0.013670703921333516,0.01802734140784268,0.05436984048965243,0.04602972536493677,0.10333333333333333,0.09999999999999998,0.19999999999999998,-0.003333333333333355,0.09666666666666665,101.43,0.3381,0.98,0.09333333333333334,0.3292988888888889,0.27092000000000005,,,,,0.15082943483849204,0.18091075617796593,0.0,0.0,10.0,,,,
gaussian,oracle,50,0.7,0.95,5,0.9,0.1,0,300,-0.04222386864875016,0.0,-0.026754754533392322,-0.005155106736095649,-0.07145485644577187,0.19333333333333333,0.09999999999999998,0.19999999999999998,-0.09333333333333335,0.006666666666666654,131.995,0.43998333333333334,1.0,0.13,0.3312153333333333,0.27092000000000005,,,,,0.15082943483849204,0.18091075617796593,0.0,0.0,10.0,,,,
gaussian,oracle,50,0.7,0.95,5,0.9,0.25,0,300,-0.0021352755356542352,0.0,7.407407407400424e-06,0.016374232765806074,-0.013966290723705033,0.176,0.09999999999999998,0.19999999999999998,-0.07600000000000001,0.023999999999999994,135.572,0.4519066666666667,1.0,0.12333333333333334,0.33358666666666664,0.27092000000000005,,,,,0.15082943483849204,0.18091075617796593,0.0,0.0,10.0,,,,
gaussian,oracle,50,0.7,0.99,1,0.9,0.1,0,300,-0.03700494904553908,-0.10545454545454547,-0.04110909090909093,-0.065047968745028,-0.065047968745028,0.07333333333333333,0.09999999999999998,0.19999999999999998,0.026666666666666644,0.12666666666666665,67.151,0.22383666666666666,0.6633333333333333,0.05,0.3306666666666666,0.27092000000000005,,,,,0.15082943483849204,0.18091075617796593,0.0,0.0,10.0,,,,
gaussian,oracle,50,0.7,0.99,1,0.9,0.25,0,300,0.02208169351964591,0.021818181818181848,0.00842545454545457,0.0004978803604914206,0.0004978803604914206,0.08333333333333333,0.09999999999999998,0.19999999999999998,0.01666666666666665,0.11666666666666665,84.721,0.28240333333333334,0.74,0.056666666666666664,0.36888666666666664,0.27092000000000005,,,,,0.15082943483849204,0.18091075617796593,0.0,0.0,10.0,,,,
gaussian,oracle,50,0.7,0.99,3,0.9,0.1,0,300,0.014392154006262065,-0.02527075812274371,-0.023327578088212175,0.030055295904981072,0.02904513559319799,0.1522222222222222,0.09999999999999998,0.19999999999999998,-0.052222222222222225,0.04777777777777778,146.15999999999997,0.4871999999999999,0.9766666666666667,0.09,0.3757244444444444,0.27092000000000005,,,,,0.15082943483849204,0.18091075617796593,0.0,0.0,10.0,,,,
gaussian,oracle,50,0.7,0.99,3,0.9,0.25,0,300,-0.006589950242369136,-0.02564102564102566,0.02994831094831102,-0.0006215840838617592,-0.0038694861031111083,0.16,0.09999999999999998,0.19999999999999998,-0.060000000000000026,0.03999999999999998,144.58700000000002,0.4819566666666667,0.9766666666666667,0.10333333333333333,0.37544999999999995,0.27092000000000005,,,,,0.15082943483849204,0.18091075617796593,0.0,0.0,10.0,,,,
gaussian,oracle,50,0.7,0.99,5,0.9,0.1,0,300,-0.03558981479428758,0.0,-0.02982222222222225,-0.003361797955204082,-0.05412211745696571,0.176,0.09999999999999998,0.19999999999999998,-0.07600000000000001,0.023999999999999994,138.208,0.46069333333333334,1.0,0.12,0.32910799999999996,0.27092000000000005,,,,,0.15082943483849204,0.18091075617796593,0.0,0.0,10.0,,,,
gaussian,oracle,50,0.7,0.99,5,0.9,0.25,0,300,-0.019520094733586957,0.0,0.01972644927536238,0.013071135319094596,-0.02772314313311819,0.17333333333333334,0.09999999999999998,0.19999999999999998,-0.07333333333333336,0.026666666666666644,129.53199999999998,0.4317733333333333,1.0,0.12333333333333334,0.3316953333333333,0.27092000000000005,,,,,0.15082943483849204,0.18091075617796593,0.0,0.0,10.0,,,,
gaussian,mle,50,0.0,0.95,1,0.9,0.1,0,300,0.05311028841578602,0.03203781512605042,0.02940861344537815,0.13950183045222653,0.13950183045222653,0.056666666666666664,0.09999999999999998,0.19999999999999998,0.043333333333333314,0.1433333333333333,132.39200000000002,0.44130666666666674,0.7433333333333333,0.016666666666666666,0.8358733333333335,0.7133999999999999,1.3994,0.8116800000000002,0.7287,0.832425,0.5941182998767679,0.5858511105622557,1.7,7.075,10.0,0.0565,2.6548672566371683,1.0,1887.0
gaussian,mle,50,0.0,0.95,1,0.9,0.25,0,300,0.23641890060952886,0.41491596638655465,0.2914448529411765,0.3881847379856195,0.3881847379856195,0.056666666666666664,0.09999999999999998,0.19999999999999998,0.043333333333333314,0.1433333333333333,141.82299999999998,0.47274333333333324,0.7333333333333333,0.016666666666666666,0.87661,0.7133999999999999,1.4169799999999997,0.8141800000000002,0.7287,0.8355499999999999,0.5941182998767679,0.5858511105622557,1.7,7.075,10.0,0.0565,2.6548672566371683,1.0,1887.0
gaussian,mle,50,0.0,0.95,3,0.9,0.1,0,300,0.041879994984478974,-0.021450459652706866,0.0012451481103166184,0.03830689157086731,0.04804436575098925,0.1622222222222222,0.09999999999999998,0.19999999999999998,-0.062222222222222234,0.03777777777777777,152.687,0.5089566666666667,0.89,0.056666666666666664,1.2898133333333333,0.7133999999999999,1.5074599999999998,0.9297,0.9232999999999999,0.9313,0.5941182998767679,0.5858511105622557,14.6,18.85,10.0,0.1515,2.9702970297029703,2.0,1697.0
gaussian,mle,50,0.0,0.95,3,0.9,0.25,0,300,-0.031696357983516,-0.0505050505050505,-0.008291666666666586,0.026995835757146258,0.013849282996369672,0.17,0.09999999999999998,0.19999999999999998,-0.07000000000000003,0.02999999999999997,153.786,0.51262,0.9,0.08333333333333333,1.2410211111111111,0.7133999999999999,1.39816,0.84804,0.9421999999999999,0.8245000000000001,0.5941182998767679,0.5858511105622557,15.3,18.675,10.0,0.1485,3.0303030303030303,2.0,1703.0
gaussian,mle,50,0.0,0.95,5,0.9,0.1,0,300,0.029126288420595947,0.03069968923627453,0.014263772483284698,0.08074053167010986,0.00476127474525101,0.3006666666666667,0.09999999999999998,0.19999999999999998,-0.20066666666666672,-0.10066666666666671,201.387,0.67129,0.9533333333333334,0.5033333333333333,1.4299066666666667,0.7133999999999999,1.4559199999999999,0.90836,0.7035,0.9595750000000001,0.5941182998767679,0.5858511105622557,45.1,26.225,10.0,0.2455,3.054989816700611,2.0,1509.0
gaussian,mle,50,0.0,0.95,5,0.9,0.25,0,300,0.0679045267289482,0.08375893769152198,0.16345148110316648,0.26822792816018504,0.1308420696475574,0.21133333333333332,0.09999999999999998,0.19999999999999998,-0.11133333333333334,-0.011333333333333334,169.28700000000003,0.5642900000000001,0.9533333333333334,0.23,1.2719260000000001,0.7133999999999999,1.73488,1.0817999999999999,1.0303,1.094675,0.5941182998767679,0.5858511105622557,31.7,29.575,10.0,0.2445,3.067484662576687,2.0,1511.0
gaussian,mle,50,0.0,0.99,1,0.9,0.1,0,300,0.4138527602515873,0.6328781512605042,0.5161165966386555,0.847336743335756,0.847336743335756,0.056666666666666664,0.09999999999999998,0.19999999999999998,0.043333333333333314,0.1433333333333333,159.34800000000004,0.5311600000000002,0.7166666666666667,0.016666666666666666,0.9492733333333334,0.7133999999999999,1.3994,0.8116800000000002,0.7287,0.832425,0.5941182998767679,0.5858511105622557,1.7,7.075,10.0,0.0555,2.7027027027027026,1.0,1889.0
gaussian,mle,50,0.0,0.99,1,0.9,0.25,0,300,0.41217646381377165,0.6292016806722689,0.5131607142857143,0.8446745328497879,0.8446745328497879,0.06,0.09999999999999998,0.19999999999999998,0.03999999999999998,0.13999999999999999,158.54400000000004,0.5284800000000002,0.7133333333333334,0.016666666666666666,0.9486433333333334,0.7133999999999999,1.3981600000000003,0.8104399999999999,0.7224999999999999,0.832425,0.5941182998767679,0.5858511105622557,1.8,7.05,10.0,0.0555,2.7027027027027026,1.0,1889.0
gaussian,mle,50,0.0,0.99,3,0.9,0.1,0,300,0.15569905385893867,0.03803626713843433,0.05214882795223352,0.07351463317106666,0.1268071485282023,0.15777777777777777,0.09999999999999998,0.19999999999999998,-0.05777777777777779,0.04222222222222222,173.551,0.5785033333333333,0.8866666666666667,0.06666666666666667,1.2949822222222223,0.7133999999999999,1.49362,0.9058600000000001,0.647,0.970575,0.5941182998767679,0.5858511105622557,14.2,18.95,10.0,0.1495,3.0100334448160537,2.0,1701.0
gaussian,mle,50,0.0,0.99,3,0.9,0.25,0,300,0.02235443483286681,-0.06361185983827489,0.006548787061994632,0.08744943992254939,0.1312787664008217,0.12666666666666668,0.09999999999999998,0.19999999999999998,-0.0266666666666667,0.0733333333333333,145.08400000000003,0.48361333333333345,0.8866666666666667,0.08666666666666667,1.229398888888889,0.7133999999999999,1.61422,0.9787,0.7913,1.0255500000000002,0.5941182998767679,0.5858511105622557,11.4,19.65,10.0,0.151,2.980132450331126,2.0,1698.0
gaussian,mle,50,0.0,0.99,5,0.9,0.1,0,300,-0.03641311756923937,0.0,0.011626923076922924,0.06548377643178815,-0.026012384682954304,0.30733333333333335,0.09999999999999998,0.19999999999999998,-0.20733333333333337,-0.10733333333333336,196.25300000000004,0.6541766666666669,0.95,0.51,1.4261346666666666,0.7133999999999999,1.4685,0.9360600000000001,0.9611999999999998,0.929775,0.5941182998767679,0.5858511105622557,46.1,25.975,10.0,0.2395,3.1315240083507305,2.0,1521.0
gaussian,mle,50,0.0,0.99,5,0.9,0.25,0,300,0.1393321738761258,0.2219460227272727,0.2833963068181818,0.1709110455381675,0.20361762804244,0.19799999999999998,0.09999999999999998,0.19999999999999998,-0.098,0.0020000000000000018,208.50400000000002,0.6950133333333334,0.9166666666666666,0.14666666666666667,1.4408586666666667,0.7133999999999999,1.2837399999999999,0.7639000000000001,0.8543,0.7413000000000001,0.5941182998767679,0.5858511105622557,29.7,30.075,10.0,0.2435,3.080082135523614,2.0,1513.0
gaussian,mle,50,0.3,0.95,1,0.9,0.1,0,300,0.02770122544237663,0.02993697478991597,0.016778361344537807,0.10861485997218256,0.10861485997218256,0.056666666666666664,0.09999999999999998,0.19999999999999998,0.043333333333333314,0.1433333333333333,69.65299999999999,0.23217666666666664,0.42,0.006666666666666667,0.8492833333333334,0.51612,1.422,0.91848,0.9423000000000001,0.9125250000000001,0.3888609402809491,0.4002863398403928,1.7,7.075,10.0,0.0565,2.6548672566371683,1.0,1887.0
gaussian,mle,50,0.3,0.95,1,0.9,0.25,0,300,0.14767333982563274,0.4290966386554622,0.29690966386554624,0.33955181066007734,0.33955181066007734,0.06333333333333334,0.09999999999999998,0.19999999999999998,0.03666666666666664,0.13666666666666666,112.238,0.37412666666666666,0.6033333333333334,0.006666666666666667,0.8935866666666668,0.51612,1.4094400000000002,0.90592,0.9423000000000001,0.8968250000000001,0.3888609402809491,0.4002863398403928,1.9,7.025,10.0,0.057,2.6315789473684212,1.0,1886.0
gaussian,mle,50,0.3,0.95,3,0.9,0.1,0,300,0.033175686603662796,0.3148148148148148,0.30646296296296294,0.08082810839230059,0.10529507205718758,0.13555555555555554,0.09999999999999998,0.19999999999999998,-0.03555555555555556,0.06444444444444444,124.055,0.4135166666666667,0.65,0.056666666666666664,1.3570066666666667,0.51612,1.4119599999999999,0.94608,0.8731,0.9643249999999999,0.3888609402809491,0.4002863398403928,12.2,19.45,10.0,0.152,2.960526315789474,2.0,1696.0
gaussian,mle,50,0.3,0.95,3,0.9,0.25,0,300,0.018168827685008132,0.037338573834924116,0.0730687815833801,0.03716083715497043,0.038247953234624155,0.2244444444444444,0.09999999999999998,0.19999999999999998,-0.12444444444444441,-0.024444444444444408,142.46699999999998,0.4748899999999999,0.8033333333333333,0.17333333333333334,1.2359355555555556,0.51612,1.45718,0.99886,1.2187,0.9439,0.3888609402809491,0.4002863398403928,20.2,17.45,10.0,0.1525,2.9508196721311477,2.0,1695.0
gaussian,mle,50,0.3,0.95,5,0.9,0.1,0,300,-0.024416917748208755,-0.039141414141414144,-0.004782828282828333,0.03391679276777104,-0.012554262244704906,0.17333333333333334,0.09999999999999998,0.19999999999999998,-0.07333333333333336,0.026666666666666644,143.07900000000004,0.47693000000000013,0.8266666666666667,0.12666666666666668,1.4251213333333332,0.51612,1.51252,1.0516800000000002,0.7727,1.121425,0.3888609402809491,0.4002863398403928,26.0,31.0,10.0,0.241,3.112033195020747,2.0,1518.0
gaussian,mle,50,0.3,0.95,5,0.9,0.25,0,300,-0.014100085113606886,-0.016364440513047307,-0.005881026094648356,0.057693033380882164,-0.014812329603499652,0.26866666666666666,0.09999999999999998,0.19999999999999998,-0.1686666666666667,-0.06866666666666668,137.768,0.45922666666666667,0.9266666666666666,0.3233333333333333,1.2896033333333334,0.51612,1.5903600000000002,1.13456,1.0429,1.1574750000000003,0.3888609402809491,0.4002863398403928,40.3,27.425,10.0,0.243,3.0864197530864197,2.0,1514.0
gaussian,mle,50,0.3,0.99,1,0.9,0.1,0,300,0.1612624399637392,0.476890756302521,0.32329096638655463,0.34915422466547896,0.34915422466547896,0.056666666666666664,0.09999999999999998,0.19999999999999998,0.043333333333333314,0.1433333333333333,121.428,0.40476,0.6466666666666666,0.006666666666666667,0.8602733333333333,0.51612,1.422,0.91848,0.9423000000000001,0.9125250000000001,0.3888609402809491,0.4002863398403928,1.7,7.075,10.0,0.056,2.6785714285714284,1.0,1888.0
gaussian,mle,50,0.3,0.99,1,0.9,0.25,0,300,-0.03744252706363965,-0.05882352941176472,-0.029644432773109186,0.010965889765126358,0.010965889765126358,0.06,0.09999999999999998,0.19999999999999998,0.03999999999999998,0.13999999999999999,88.67599999999999,0.2955866666666666,0.6966666666666667,0.006666666666666667,0.7257999999999999,0.51612,1.422,0.91848,0.9423000000000001,0.9125250000000001,0.3888609402809491,0.4002863398403928,1.8,7.05,10.0,0.0565,2.6548672566371683,1.0,1887.0
gaussian,mle,50,0.3,0.99,3,0.9,0.1,0,300,0.04578847396251334,0.17891833553183834,0.2006467202302435,0.0535825254296155,0.0823081424429144,0.15,0.09999999999999998,0.19999999999999998,-0.05000000000000002,0.04999999999999999,142.20299999999997,0.47400999999999993,0.7733333333333333,0.05,1.31998,0.51612,1.4521000000000002,0.9636600000000002,0.9109,0.97685,0.3888609402809491,0.4002863398403928,13.5,19.125,10.0,0.151,2.980132450331126,2.0,1698.0
gaussian,mle,50,0.3,0.99,3,0.9,0.25,0,300,0.08680881542829366,0.2751106571331291,0.20401838610827372,0.08751587896277657,0.08208019459699534,0.14888888888888888,0.09999999999999998,0.19999999999999998,-0.0488888888888889,0.05111111111111111,133.582,0.4452733333333333,0.76,0.06,1.2904988888888889,0.51612,1.4182599999999999,0.9725400000000001,1.1496,0.928275,0.3888609402809491,0.4002863398403928,13.4,19.15,10.0,0.148,3.0405405405405403,2.0,1704.0
gaussian,mle,50,0.3,0.99,5,0.9,0.1,0,300,0.12418037679098343,0.5076923076923077,0.43561730769230766,0.1425446393959281,0.1523734624241383,0.18333333333333332,0.09999999999999998,0.19999999999999998,-0.08333333333333334,0.016666666666666663,153.64800000000002,0.5121600000000001,0.84,0.10333333333333333,1.4562426666666666,0.51612,1.4747999999999999,1.02156,0.754,1.08845,0.3888609402809491,0.4002863398403928,27.5,30.625,10.0,0.2375,3.1578947368421053,2.0,1525.0
gaussian,mle,50,0.3,0.99,5,0.9,0.25,0,300,-0.025403564375321097,-0.013619339462036084,0.027404494382022526,0.07893522268644604,0.017081380878444463,0.1653333333333333,0.09999999999999998,0.19999999999999998,-0.06533333333333333,0.03466666666666668,149.01700000000002,0.4967233333333334,0.8666666666666667,0.11333333333333333,1.4055246666666668,0.51612,1.4459,0.9699800000000001,0.9673999999999999,0.9706250000000001,0.3888609402809491,0.4002863398403928,24.8,31.3,10.0,0.2435,3.080082135523614,2.0,1513.0
gaussian,mle,50,0.7,0.95,1,0.9,0.1,0,300,0.04593745055452532,0.09611344537815125,0.06147846638655463,0.1410970542714392,0.1410970542714392,0.10333333333333333,0.09999999999999998,0.19999999999999998,-0.003333333333333355,0.09666666666666665,98.66499999999998,0.32888333333333325,0.48,0.0033333333333333335,1.0272866666666667,0.27092000000000005,1.41702,1.1461,1.2066,1.130975,0.15082943483849204,0.18091075617796593,3.1,6.725,10.0,0.059,2.542372881355932,1.0,1882.0
gaussian,mle,50,0.7,0.95,1,0.9,0.25,0,300,0.020430891715378846,-0.0068277310924369505,-0.007634453781512618,0.04522518333673553,0.04522518333673553,0.11333333333333333,0.09999999999999998,0.19999999999999998,-0.01333333333333335,0.08666666666666666,75.15199999999999,0.2505066666666666,0.38666666666666666,0.0033333333333333335,1.0808933333333335,0.27092000000000005,1.4282800000000002,1.15736,1.3195999999999999,1.1168,0.15082943483849204,0.18091075617796593,3.4,6.65,10.0,0.0585,2.5641025641025643,1.0,1883.0
gaussian,mle,50,0.7,0.95,3,0.9,0.1,0,300,-0.06399918254605899,-0.1384615384615384,-0.09618461538461548,-0.04910416754847685,-0.08423085374337347,0.1655555555555555,0.09999999999999998,0.19999999999999998,-0.06555555555555553,0.03444444444444447,129.522,0.43173999999999996,0.73,0.013333333333333334,1.3668477777777777,0.27092000000000005,1.73614,1.47774,1.8598,1.382225,0.15082943483849204,0.18091075617796593,14.9,18.775,10.0,0.148,3.0405405405405403,2.0,1704.0
gaussian,mle,50,0.7,0.95,3,0.9,0.25,0,300,-0.08709143522897939,-0.08148148148148149,-0.018285185185185238,-0.004860381983441131,-0.059020801287670066,0.13222222222222219,0.09999999999999998,0.19999999999999998,-0.03222222222222221,0.0677777777777778,127.023,0.42341,0.7266666666666667,0.013333333333333334,1.394978888888889,0.27092000000000005,1.6657200000000003,1.39732,1.6275,1.339775,0.15082943483849204,0.18091075617796593,11.9,19.525,10.0,0.1505,2.990033222591362,2.0,1699.0
gaussian,mle,50,0.7,0.95,5,0.9,0.1,0,300,-0.03684283954852116,-0.13257575757575757,-0.04178914141414147,0.008076443618897089,-0.02593558052741074,0.174,0.09999999999999998,0.19999999999999998,-0.07400000000000001,0.025999999999999995,140.75100000000003,0.4691700000000001,0.7166666666666667,0.023333333333333334,1.5294086666666666,0.27092000000000005,1.79264,1.5217200000000002,1.2818999999999998,1.5816750000000002,0.15082943483849204,0.18091075617796593,26.1,30.975,10.0,0.241,3.112033195020747,2.0,1518.0
gaussian,mle,50,0.7,0.95,5,0.9,0.25,0,300,-0.02199495365828802,-0.06144957983193278,0.05410031512605046,-0.0009247867155003364,0.02077370777628762,0.192,0.09999999999999998,0.19999999999999998,-0.09200000000000003,0.00799999999999998,140.95100000000005,0.46983666666666685,0.73,0.023333333333333334,1.5285286666666664,0.27092000000000005,1.7964000000000002,1.52548,1.4955000000000003,1.532975,0.15082943483849204,0.18091075617796593,28.8,30.3,10.0,0.2415,3.1055900621118013,2.0,1517.0
gaussian,mle,50,0.7,0.99,1,0.9,0.1,0,300,0.03484328781639079,0.17174369747899162,0.06888970588235292,0.0853296657725569,0.0853296657725569,0.056666666666666664,0.09999999999999998,0.19999999999999998,0.043333333333333314,0.1433333333333333,40.788,0.13596,0.37,0.0033333333333333335,0.7871366666666666,0.27092000000000005,1.4483800000000002,1.1774600000000002,1.2316,1.163925,0.15082943483849204,0.18091075617796593,1.7,7.075,10.0,0.0555,2.7027027027027026,1.0,1889.0
gaussian,mle,50,0.7,0.99,1,0.9,0.25,0,300,-0.004950141036934523,0.035714285714285726,0.013716911764705887,0.023605877666274755,0.023605877666274755,0.08,0.09999999999999998,0.19999999999999998,0.019999999999999976,0.11999999999999998,22.405999999999995,0.07468666666666665,0.24666666666666667,0.0033333333333333335,0.9331766666666665,0.27092000000000005,1.4371000000000003,1.16618,1.2316,1.1498250000000003,0.15082943483849204,0.18091075617796593,2.4,6.9,10.0,0.0585,2.5641025641025643,1.0,1883.0
gaussian,mle,50,0.7,0.99,3,0.9,0.1,0,300,-0.047170016793725594,-0.03441659671423425,-0.0027124355438302716,-0.019251476958477842,-0.04899326219851485,0.15111111111111108,0.09999999999999998,0.19999999999999998,-0.05111111111111111,0.0488888888888889,133.051,0.4435033333333333,0.7433333333333333,0.013333333333333334,1.3824866666666666,0.27092000000000005,1.6657199999999996,1.3998400000000002,1.5016,1.3744,0.15082943483849204,0.18091075617796593,13.6,19.1,10.0,0.151,2.980132450331126,2.0,1698.0
gaussian,mle,50,0.7,0.99,3,0.9,0.25,0,300,-0.08851272498477974,-0.15086380072318206,-0.10304399357171556,-0.04144180469701558,-0.09963349353947426,0.16444444444444442,0.09999999999999998,0.19999999999999998,-0.06444444444444444,0.03555555555555556,130.313,0.43437666666666663,0.7366666666666667,0.013333333333333334,1.3563822222222222,0.27092000000000005,1.78134,1.51794,1.7467000000000001,1.4607500000000002,0.15082943483849204,0.18091075617796593,14.8,18.8,10.0,0.15,3.0,2.0,1700.0
gaussian,mle,50,0.7,0.99,5,0.9,0.1,0,300,-0.04044536532526355,-0.16144281163292573,-0.06490864248278705,0.005212112044375661,-0.032545647912313624,0.17466666666666666,0.09999999999999998,0.19999999999999998,-0.07466666666666669,0.02533333333333332,141.10200000000003,0.4703400000000001,0.7233333333333334,0.023333333333333334,1.5212006666666666,0.27092000000000005,1.6757600000000001,1.40984,1.3006999999999997,1.4371250000000002,0.15082943483849204,0.18091075617796593,26.2,30.95,10.0,0.241,3.112033195020747,2.0,1518.0
gaussian,mle,50,0.7,0.99,5,0.9,0.25,0,300,-0.02721859399523388,0.05199476782210599,0.20808927403531724,0.04231555992191416,0.07031157545756217,0.18666666666666668,0.09999999999999998,0.19999999999999998,-0.0866666666666667,0.013333333333333308,141.76700000000002,0.47255666666666674,0.73,0.023333333333333334,1.5341013333333333,0.27092000000000005,1.7486200000000003,1.4777,1.4641,1.4811,0.15082943483849204,0.18091075617796593,28.0,30.5,10.0,0.239,3.1380753138075312,2.0,1522.0
zipfian,fixed,50,0.0,0.95,1,0.9,0.1,0,300,0.5032761554618456,0.6218181818181818,0.4663636363636363,0.7940452042069215,0.7940452042069215,0.08,0.09999999999999998,0.19999999999999998,0.019999999999999976,0.11999999999999998,137.25,0.4575,0.61,0.0033333333333333335,0.75,0.3353999999999999,,,,,0.08371949256448197,0.1005905383770542,0.0,0.0,10.0,,,,
zipfian,fixed,50,0.0,0.95,1,0.9,0.25,0,300,0.40816087729226697,0.46181818181818185,0.3463636363636364,0.6120287309607779,0.6120287309607779,0.10333333333333333,0.09999999999999998,0.19999999999999998,-0.003333333333333355,0.09666666666666665,113.25,0.3775,0.5033333333333333,0.006666666666666667,0.75,0.3353999999999999,,,,,0.08371949256448197,0.1005905383770542,0.0,0.0,10.0,,,,
zipfian,fixed,50,0.0,0.95,3,0.9,0.1,0,300,0.3117312191869258,0.46014492753623193,0.34510869565217395,0.10394209645311941,0.4379612671876155,0.1688888888888889,0.09999999999999998,0.19999999999999998,-0.06888888888888892,0.03111111111111109,151.5,0.505,0.6733333333333333,0.02,0.75,0.3353999999999999,,,,,0.08371949256448197,0.1005905383770542,0.0,0.0,10.0,,,,
zipfian,fixed,50,0.0,0.95,3,0.9,0.25,0,300,0.3522742056431286,0.427547363031234,0.32066052227342545,0.1019411488982212,0.44087120386736556,0.17333333333333334,0.09999999999999998,0.19999999999999998,-0.07333333333333336,0.026666666666666644,153.75,0.5125,0.6833333333333333,0.02,0.75,0.3353999999999999,,,,,0.08371949256448197,0.1005905383770542,0.0,0.0,10.0,,,,
zipfian,fixed,50,0.0,0.95,5,0.9,0.1,0,300,0.375404764104619,0.380952380952381,0.2857142857142857,0.02450624504926341,0.46915854966586024,0.18733333333333332,0.09999999999999998,0.19999999999999998,-0.08733333333333335,0.01266666666666666,153.0,0.51,0.68,0.03,0.75,0.3353999999999999,,,,,0.08371949256448197,0.1005905383770542,0.0,0.0,10.0,,,,
zipfian,fixed,50,0.0,0.95,5,0.9,0.25,0,300,0.26587331230168765,0.3111111111111111,0.23333333333333334,-0.006672211812440931,0.3161758976341177,0.18199999999999997,0.09999999999999998,0.19999999999999998,-0.08199999999999999,0.018000000000000016,153.0,0.51,0.68,0.04,0.75,0.3353999999999999,,,,,0.08371949256448197,0.1005905383770542,0.0,0.0,10.0,,,,
zipfian,fixed,50,0.0,0.99,1,0.9,0.1,0,300,0.5032761554618456,0.6218181818181818,0.4663636363636363,0.7940452042069215,0.7940452042069215,0.08,0.09999999999999998,0.19999999999999998,0.019999999999999976,0.11999999999999998,137.25,0.4575,0.61,0.0033333333333333335,0.75,0.3353999999999999,,,,,0.08371949256448197,0.1005905383770542,0.0,0.0,10.0,,,,
zipfian,fixed,50,0.0,0.99,1,0.9,0.25,0,300,0.5032761554618456,0.6218181818181818,0.4663636363636363,0.7940452042069215,0.7940452042069215,0.08,0.09999999999999998,0.19999999999999998,0.019999999999999976,0.11999999999999998,137.25,0.4575,0.61,0.0033333333333333335,0.75,0.3353999999999999,,,,,0.08371949256448197,0.1005905383770542,0.0,0.0,10.0,,,,
zipfian,fixed,50,0.0,0.99,3,0.9,0.1,0,300,0.33388416999045467,0.427547363031234,0.32066052227342545,0.09646691829432824,0.42299173793449363,0.16555555555555557,0.09999999999999998,0.19999999999999998,-0.06555555555555559,0.034444444444444416,153.75,0.5125,0.6833333333333333,0.02,0.75,0.3353999999999999,,,,,0.08371949256448197,0.1005905383770542,0.0,0.0,10.0,,,,
zipfian,fixed,50,0.0,0.99,3,0.9,0.25,0,300,0.31113513869651477,0.46014492753623193,0.34510869565217395,0.10360464257541907,0.4373651866972045,0.1711111111111111,0.09999999999999998,0.19999999999999998,-0.07111111111111112,0.02888888888888888,151.5,0.505,0.6733333333333333,0.02,0.75,0.3353999999999999,,,,,0.08371949256448197,0.1005905383770542,0.0,0.0,10.0,,,,
zipfian,fixed,50,0.0,0.99,5,0.9,0.1,0,300,0.31149204075672576,0.34391534391534395,0.2579365079365079,0.006740240319623558,0.4003639251912423,0.18533333333333332,0.09999999999999998,0.19999999999999998,-0.08533333333333334,0.014666666666666661,153.75,0.5125,0.6833333333333333,0.03333333333333333,0.75,0.3353999999999999,,,,,0.08371949256448197,0.1005905383770542,0.0,0.0,10.0,,,,
zipfian,fixed,50,0.0,0.99,5,0.9,0.25,0,300,0.1293608621607908,0.3918067226890756,0.2938550420168067,-0.05281572142984703,0.21230067051087798,0.18866666666666668,0.09999999999999998,0.19999999999999998,-0.0886666666666667,0.011333333333333306,152.25,0.5075,0.6766666666666666,0.03,0.75,0.3353999999999999,,,,,0.08371949256448197,0.1005905383770542,0.0,0.0,10.0,,,,
zipfian,fixed,50,0.3,0.95,1,0.9,0.1,0,300,0.4046584668823859,0.6581818181818182,0.49363636363636365,0.5231607327342052,0.5231607327342052,0.08,0.09999999999999998,0.19999999999999998,0.019999999999999976,0.11999999999999998,135.75,0.4525,0.6033333333333334,0.0,0.75,0.25623999999999997,,,,,0.06283405220701195,0.09049623481161133,0.0,0.0,10.0,,,,
zipfian,fixed,50,0.3,0.95,1,0.9,0.25,0,300,0.31711014404365284,0.49454545454545457,0.37090909090909085,0.37621415559862986,0.37621415559862986,0.11333333333333333,0.09999999999999998,0.19999999999999998,-0.01333333333333335,0.08666666666666666,111.0,0.37,0.49333333333333335,0.0033333333333333335,0.75,0.25623999999999997,,,,,0.06283405220701195,0.09049623481161133,0.0,0.0,10.0,,,,
zipfian,fixed,50,0.3,0.95,3,0.9,0.1,0,300,0.32571896621722674,0.49818840579710144,0.37364130434782605,0.08517098448257121,0.4129599715913106,0.1688888888888889,0.09999999999999998,0.19999999999999998,-0.06888888888888892,0.03111111111111109,150.0,0.5,0.6666666666666666,0.016666666666666666,0.75,0.25623999999999997,,,,,0.06283405220701195,0.09049623481161133,0.0,0.0,10.0,,,,
zipfian,fixed,50,0.3,0.95,3,0.9,0.25,0,300,0.3508901041122884,0.5192012288786483,0.38940092165898615,0.07512471204950039,0.4383973613178811,0.16777777777777778,0.09999999999999998,0.19999999999999998,-0.0677777777777778,0.03222222222222221,151.5,0.505,0.6733333333333333,0.013333333333333334,0.75,0.25623999999999997,,,,,0.06283405220701195,0.09049623481161133,0.0,0.0,10.0,,,,
zipfian,fixed,50,0.3,0.95,5,0.9,0.1,0,300,0.1805220536283978,0.37992831541218636,0.28494623655913975,-0.047903040405485875,0.2346760356911084,0.18866666666666665,0.09999999999999998,0.19999999999999998,-0.08866666666666667,0.011333333333333334,154.5,0.515,0.6866666666666666,0.023333333333333334,0.75,0.25623999999999997,,,,,0.06283405220701195,0.09049623481161133,0.0,0.0,10.0,,,,
zipfian,fixed,50,0.3,0.95,5,0.9,0.25,0,300,0.29479138555165474,0.4979004962463418,0.37342537218475635,-0.0005707989029170024,0.3566000196642475,0.184,0.09999999999999998,0.19999999999999998,-0.08400000000000002,0.015999999999999986,147.75,0.4925,0.6566666666666666,0.02,0.75,0.25623999999999997,,,,,0.06283405220701195,0.09049623481161133,0.0,0.0,10.0,,,,
zipfian,fixed,50,0.3,0.99,1,0.9,0.1,0,300,0.4046584668823859,0.6581818181818182,0.49363636363636365,0.5231607327342052,0.5231607327342052,0.08,0.09999999999999998,0.19999999999999998,0.019999999999999976,0.11999999999999998,135.75,0.4525,0.6033333333333334,0.0,0.75,0.25623999999999997,,,,,0.06283405220701195,0.09049623481161133,0.0,0.0,10.0,,,,
zipfian,fixed,50,0.3,0.99,1,0.9,0.25,0,300,0.4046584668823859,0.6581818181818182,0.49363636363636365,0.5231607327342052,0.5231607327342052,0.08,0.09999999999999998,0.19999999999999998,0.019999999999999976,0.11999999999999998,135.75,0.4525,0.6033333333333334,0.0,0.75,0.25623999999999997,,,,,0.06283405220701195,0.09049623481161133,0.0,0.0,10.0,,,,
zipfian,fixed,50,0.3,0.99,3,0.9,0.1,0,300,0.3432038479787088,0.47158218125960066,0.3536866359447004,0.07411531545117961,0.41515682004964916,0.16555555555555557,0.09999999999999998,0.19999999999999998,-0.06555555555555559,0.034444444444444416,152.25,0.5075,0.6766666666666666,0.016666666666666666,0.75,0.25623999999999997,,,,,0.06283405220701195,0.09049623481161133,0.0,0.0,10.0,,,,
zipfian,fixed,50,0.3,0.99,3,0.9,0.25,0,300,0.3162821755998003,0.4736103312745648,0.3552077484559237,0.08188159745783391,0.3803370610431107,0.16555555555555554,0.09999999999999998,0.19999999999999998,-0.06555555555555556,0.034444444444444444,149.25,0.4975,0.6633333333333333,0.02,0.75,0.25623999999999997,,,,,0.06283405220701195,0.09049623481161133,0.0,0.0,10.0,,,,
zipfian,fixed,50,0.3,0.99,5,0.9,0.1,0,300,0.24450123721840838,0.43703703703703706,0.3277777777777778,-0.02352850085958036,0.29348894943076975,0.188,0.09999999999999998,0.19999999999999998,-0.08800000000000002,0.011999999999999983,148.5,0.495,0.66,0.02666666666666667,0.75,0.25623999999999997,,,,,0.06283405220701195,0.09049623481161133,0.0,0.0,10.0,,,,
zipfian,fixed,50,0.3,0.99,5,0.9,0.25,0,300,0.30124768675449853,0.35996946176358313,0.26997709632268735,-0.00696725118955982,0.34562450962333136,0.18933333333333333,0.09999999999999998,0.19999999999999998,-0.08933333333333335,0.010666666666666658,150.75,0.5025,0.67,0.03333333333333333,0.75,0.25623999999999997,,,,,0.06283405220701195,0.09049623481161133,0.0,0.0,10.0,,,,
zipfian,fixed,50,0.7,0.95,1,0.9,0.1,0,300,0.21582555237406773,0.21454545454545454,0.1609090909090909,0.15558698552404893,0.15558698552404893,0.08,0.09999999999999998,0.19999999999999998,0.019999999999999976,0.11999999999999998,143.25,0.4775,0.6366666666666667,0.0,0.75,0.17204,,,,,0.04197064639802613,0.07843577521514918,0.0,0.0,10.0,,,,
zipfian,fixed,50,0.7,0.95,1,0.9,0.25,0,300,0.1783602268255097,0.13090909090909086,0.0981818181818182,0.09076591494615138,0.09076591494615138,0.11333333333333333,0.09999999999999998,0.19999999999999998,-0.01333333333333335,0.08666666666666666,117.0,0.39,0.52,0.0,0.75,0.17204,,,,,0.04197064639802613,0.07843577521514918,0.0,0.0,10.0,,,,
zipfian,fixed,50,0.7,0.95,3,0.9,0.1,0,300,0.24724524522565544,0.4679979518689196,0.35099846390168965,0.040121046921487435,0.2600870312258319,0.16555555555555557,0.09999999999999998,0.19999999999999998,-0.06555555555555559,0.034444444444444416,151.5,0.505,0.6733333333333333,0.0,0.75,0.17204,,,,,0.04197064639802613,0.07843577521514918,0.0,0.0,10.0,,,,
zipfian,fixed,50,0.7,0.95,3,0.9,0.25,0,300,0.24724524522565544,0.4679979518689196,0.35099846390168965,0.040121046921487435,0.2600870312258319,0.16555555555555557,0.09999999999999998,0.19999999999999998,-0.06555555555555559,0.034444444444444416,151.5,0.505,0.6733333333333333,0.0,0.75,0.17204,,,,,0.04197064639802613,0.07843577521514918,0.0,0.0,10.0,,,,
zipfian,fixed,50,0.7,0.95,5,0.9,0.1,0,300,0.2025144422517497,0.18518518518518523,0.13888888888888884,-0.009588370976696625,0.19534923881573796,0.18866666666666665,0.09999999999999998,0.19999999999999998,-0.08866666666666667,0.011333333333333334,150.0,0.5,0.6666666666666666,0.01,0.75,0.17204,,,,,0.04197064639802613,0.07843577521514918,0.0,0.0,10.0,,,,
zipfian,fixed,50,0.7,0.95,5,0.9,0.25,0,300,0.2004660672785023,0.15546218487394958,0.11659663865546221,-0.011079751316201314,0.18542307058584384,0.194,0.09999999999999998,0.19999999999999998,-0.09400000000000003,0.005999999999999978,152.25,0.5075,0.6766666666666666,0.01,0.75,0.17204,,,,,0.04197064639802613,0.07843577521514918,0.0,0.0,10.0,,,,
zipfian,fixed,50,0.7,0.99,1,0.9,0.1,0,300,0.21582555237406773,0.21454545454545454,0.1609090909090909,0.15558698552404893,0.15558698552404893,0.08,0.09999999999999998,0.19999999999999998,0.019999999999999976,0.11999999999999998,143.25,0.4775,0.6366666666666667,0.0,0.75,0.17204,,,,,0.04197064639802613,0.07843577521514918,0.0,0.0,10.0,,,,
zipfian,fixed,50,0.7,0.99,1,0.9,0.25,0,300,0.21582555237406773,0.21454545454545454,0.1609090909090909,0.15558698552404893,0.15558698552404893,0.08,0.09999999999999998,0.19999999999999998,0.019999999999999976,0.11999999999999998,143.25,0.4775,0.6366666666666667,0.0,0.75,0.17204,,,,,0.04197064639802613,0.07843577521514918,0.0,0.0,10.0,,,,
zipfian,fixed,50,0.7,0.99,3,0.9,0.1,0,300,0.24724524522565544,0.4679979518689196,0.35099846390168965,0.040121046921487435,0.2600870312258319,0.16555555555555557,0.09999999999999998,0.19999999999999998,-0.06555555555555559,0.034444444444444416,151.5,0.505,0.6733333333333333,0.0,0.75,0.17204,,,,,0.04197064639802613,0.07843577521514918,0.0,0.0,10.0,,,,
zipfian,fixed,50,0.7,0.99,3,0.9,0.25,0,300,0.24724524522565544,0.4679979518689196,0.35099846390168965,0.040121046921487435,0.2600870312258319,0.16555555555555557,0.09999999999999998,0.19999999999999998,-0.06555555555555559,0.034444444444444416,151.5,0.505,0.6733333333333333,0.0,0.75,0.17204,,,,,0.04197064639802613,0.07843577521514918,0.0,0.0,10.0,,,,
zipfian,fixed,50,0.7,0.99,5,0.9,0.1,0,300,0.2025144422517497,0.18518518518518523,0.13888888888888884,-0.009588370976696625,0.19534923881573796,0.18866666666666665,0.09999999999999998,0.19999999999999998,-0.08866666666666667,0.011333333333333334,150.0,0.5,0.6666666666666666,0.01,0.75,0.17204,,,,,0.04197064639802613,0.07843577521514918,0.0,0.0,10.0,,,,
zipfian,fixed,50,0.7,0.99,5,0.9,0.25,0,300,0.2025144422517497,0.18518518518518523,0.13888888888888884,-0.009790356569438052,0.19534923881573796,0.188,0.09999999999999998,0.19999999999999998,-0.08800000000000002,0.011999999999999983,150.0,0.5,0.6666666666666666,0.01,0.75,0.17204,,,,,0.04197064639802613,0.07843577521514918,0.0,0.0,10.0,,,,
zipfian,oracle,50,0.0,0.95,1,0.9,0.1,0,300,0.03267557788016071,0.24727272727272726,0.0712,0.06390374651728947,0.06390374651728947,0.08,0.09999999999999998,0.19999999999999998,0.019999999999999976,0.11999999999999998,47.74399999999999,0.15914666666666663,0.5466666666666666,0.006666666666666667,0.32711999999999997,0.3353999999999999,,,,,0.08371949256448197,0.1005905383770542,0.0,0.0,10.0,,,,
zipfian,oracle,50,0.0,0.95,1,0.9,0.25,0,300,0.07375609252966144,0.4763636363636363,0.30274181818181817,0.22881430842627254,0.22881430842627254,0.08,0.09999999999999998,0.19999999999999998,0.019999999999999976,0.11999999999999998,94.71400000000001,0.3157133333333334,0.5966666666666667,0.006666666666666667,0.5190900000000002,0.3353999999999999,,,,,0.08371949256448197,0.1005905383770542,0.0,0.0,10.0,,,,
zipfian,oracle,50,0.0,0.95,3,0.9,0.1,0,300,-0.020172116993762174,-0.05811341942728809,0.38933323975294776,0.09540701670380825,0.41213158645899617,0.16555555555555554,0.09999999999999998,0.19999999999999998,-0.06555555555555556,0.034444444444444444,234.385,0.7812833333333333,0.87,0.03666666666666667,0.5414244444444446,0.3353999999999999,,,,,0.08371949256448197,0.1005905383770542,0.0,0.0,10.0,,,,
zipfian,oracle,50,0.0,0.95,3,0.9,0.25,0,300,-0.017956815084703592,-0.0892857142857143,0.38225472689075624,0.10386408531406083,0.4435145337676757,0.17333333333333334,0.09999999999999998,0.19999999999999998,-0.07333333333333336,0.026666666666666644,236.284,0.7876133333333333,0.8833333333333333,0.03333333333333333,0.54143,0.3353999999999999,,,,,0.08371949256448197,0.1005905383770542,0.0,0.0,10.0,,,,
zipfian,oracle,50,0.0,0.95,5,0.9,0.1,0,300,-0.1257414124016154,-0.04332129963898912,0.20635363365248782,-0.08642699056546671,0.07936788585924814,0.176,0.09999999999999998,0.19999999999999998,-0.07600000000000001,0.023999999999999994,234.473,0.7815766666666667,0.96,0.043333333333333335,0.4432573333333334,0.3353999999999999,,,,,0.08371949256448197,0.1005905383770542,0.0,0.0,10.0,,,,
zipfian,oracle,50,0.0,0.95,5,0.9,0.25,0,300,-0.11337938043562407,-0.04395604395604391,0.2096043956043956,-0.07529247963394697,0.11545964786716545,0.17866666666666664,0.09999999999999998,0.19999999999999998,-0.07866666666666666,0.021333333333333343,234.222,0.78074,0.96,0.05,0.44782466666666665,0.3353999999999999,,,,,0.08371949256448197,0.1005905383770542,0.0,0.0,10.0,,,,
zipfian,oracle,50,0.0,0.99,1,0.9,0.1,0,300,0.1629323977055559,0.6218181818181818,0.7771709090909091,0.7940452042069215,0.7940452042069215,0.08,0.09999999999999998,0.19999999999999998,0.019999999999999976,0.11999999999999998,223.826,0.7460866666666667,0.69,0.006666666666666667,0.9553666666666667,0.3353999999999999,,,,,0.08371949256448197,0.1005905383770542,0.0,0.0,10.0,,,,
zipfian,oracle,50,0.0,0.99,1,0.9,0.25,0,300,0.1629323977055559,0.6218181818181818,0.7771709090909091,0.7940452042069215,0.7940452042069215,0.08,0.09999999999999998,0.19999999999999998,0.019999999999999976,0.11999999999999998,223.826,0.7460866666666667,0.69,0.006666666666666667,0.9553666666666667,0.3353999999999999,,,,,0.08371949256448197,0.1005905383770542,0.0,0.0,10.0,,,,
zipfian,oracle,50,0.0,0.99,3,0.9,0.1,0,300,0.004677070613241602,0.017409114183307817,0.4096497695852535,0.09646691829432824,0.42299173793449363,0.16555555555555557,0.09999999999999998,0.19999999999999998,-0.06555555555555559,0.034444444444444416,237.578,0.7919266666666667,0.8733333333333333,0.023333333333333334,0.5611788888888889,0.3353999999999999,,,,,0.08371949256448197,0.1005905383770542,0.0,0.0,10.0,,,,
zipfian,oracle,50,0.0,0.99,3,0.9,0.25,0,300,0.004677070613241602,0.017409114183307817,0.4096497695852535,0.09559821358958492,0.42299173793449363,0.16777777777777778,0.09999999999999998,0.19999999999999998,-0.0677777777777778,0.03222222222222221,237.578,0.7919266666666667,0.8733333333333333,0.023333333333333334,0.5639711111111112,0.3353999999999999,,,,,0.08371949256448197,0.1005905383770542,0.0,0.0,10.0,,,,
zipfian,oracle,50,0.0,0.99,5,0.9,0.1,0,300,-0.03852146977291837,-0.0444444444444444,0.26657037037037035,-0.03859277583941423,0.1984623163776159,0.18866666666666665,0.09999999999999998,0.19999999999999998,-0.08866666666666667,0.011333333333333334,229.00399999999996,0.7633466666666665,0.96,0.05,0.452522,0.3353999999999999,,,,,0.08371949256448197,0.1005905383770542,0.0,0.0,10.0,,,,
zipfian,oracle,50,0.0,0.99,5,0.9,0.25,0,300,-0.06464972478487721,-0.043636363636363584,0.3542,-0.026590100017432006,0.3014382523984651,0.18133333333333332,0.09999999999999998,0.19999999999999998,-0.08133333333333334,0.018666666666666665,230.83300000000003,0.7694433333333334,0.96,0.03666666666666667,0.44568800000000003,0.3353999999999999,,,,,0.08371949256448197,0.1005905383770542,0.0,0.0,10.0,,,,
zipfian,oracle,50,0.3,0.95,1,0.9,0.1,0,300,0.0316738933030647,0.12,0.06966181818181819,0.04708597617847321,0.04708597617847321,0.08333333333333333,0.09999999999999998,0.19999999999999998,0.01666666666666665,0.11666666666666665,58.781,0.19593666666666668,0.59,0.006666666666666667,0.3349866666666666,0.25623999999999997,,,,,0.06283405220701195,0.09049623481161133,0.0,0.0,10.0,,,,
zipfian,oracle,50,0.3,0.95,1,0.9,0.25,0,300,0.1205992591908527,0.4363636363636364,0.5801054545454547,0.42068900208404136,0.42068900208404136,0.09666666666666666,0.09999999999999998,0.19999999999999998,0.003333333333333313,0.10333333333333332,169.177,0.5639233333333333,0.64,0.006666666666666667,0.7375733333333334,0.25623999999999997,,,,,0.06283405220701195,0.09049623481161133,0.0,0.0,10.0,,,,
zipfian,oracle,50,0.3,0.95,3,0.9,0.1,0,300,0.01017349789415159,-0.08363636363636362,0.3712945454545455,0.06516989488035224,0.3914675289344566,0.17222222222222222,0.09999999999999998,0.19999999999999998,-0.07222222222222224,0.027777777777777762,205.51000000000005,0.6850333333333335,0.8833333333333333,0.043333333333333335,0.4527733333333333,0.25623999999999997,,,,,0.06283405220701195,0.09049623481161133,0.0,0.0,10.0,,,,
zipfian,oracle,50,0.3,0.95,3,0.9,0.25,0,300,-0.011062501844570721,0.02245929253228529,0.43711791128579447,0.07234566848836804,0.430895469570197,0.15555555555555556,0.09999999999999998,0.19999999999999998,-0.05555555555555558,0.044444444444444425,194.828,0.6494266666666667,0.8666666666666667,0.04,0.4478111111111112,0.25623999999999997,,,,,0.06283405220701195,0.09049623481161133,0.0,0.0,10.0,,,,
zipfian,oracle,50,0.3,0.95,5,0.9,0.1,0,300,0.012351143120252567,0.0040700040700041296,0.5392995522995523,0.025431544472091894,0.4492775371861083,0.18733333333333332,0.09999999999999998,0.19999999999999998,-0.08733333333333335,0.01266666666666666,191.051,0.6368366666666666,0.9666666666666667,0.03666666666666667,0.3630546666666667,0.25623999999999997,,,,,0.06283405220701195,0.09049623481161133,0.0,0.0,10.0,,,,
zipfian,oracle,50,0.3,0.95,5,0.9,0.25,0,300,-0.019735355404847388,-0.0444444444444444,0.4059222222222223,-0.012246561414592738,0.34897303933824797,0.186,0.09999999999999998,0.19999999999999998,-0.08600000000000002,0.013999999999999985,190.00900000000001,0.6333633333333334,0.96,0.06333333333333334,0.3634326666666666,0.25623999999999997,,,,,0.06283405220701195,0.09049623481161133,0.0,0.0,10.0,,,,
zipfian,oracle,50,0.3,0.99,1,0.9,0.1,0,300,0.14509700741255835,0.5854545454545454,0.7068181818181818,0.5231607327342052,0.5231607327342052,0.08,0.09999999999999998,0.19999999999999998,0.019999999999999976,0.11999999999999998,201.31099999999998,0.6710366666666666,0.6966666666666667,0.006666666666666667,0.8407933333333334,0.25623999999999997,,,,,0.06283405220701195,0.09049623481161133,0.0,0.0,10.0,,,,
zipfian,oracle,50,0.3,0.99,1,0.9,0.25,0,300,0.14509700741255835,0.5854545454545454,0.7068181818181818,0.5231607327342052,0.5231607327342052,0.08,0.09999999999999998,0.19999999999999998,0.019999999999999976,0.11999999999999998,201.31099999999998,0.6710366666666666,0.6966666666666667,0.006666666666666667,0.8407933333333334,0.25623999999999997,,,,,0.06283405220701195,0.09049623481161133,0.0,0.0,10.0,,,,
zipfian,oracle,50,0.3,0.99,3,0.9,0.1,0,300,0.009780366170058008,-0.02304147465437789,0.41679416282642096,0.07411531545117961,0.41515682004964916,0.16555555555555557,0.09999999999999998,0.19999999999999998,-0.06555555555555559,0.034444444444444416,205.257,0.68419,0.8833333333333333,0.03666666666666667,0.46645111111111115,0.25623999999999997,,,,,0.06283405220701195,0.09049623481161133,0.0,0.0,10.0,,,,
zipfian,oracle,50,0.3,0.99,3,0.9,0.25,0,300,0.019414494600027615,-0.08363636363636362,0.35030909090909096,0.07902394660945639,0.3905970736521437,0.1711111111111111,0.09999999999999998,0.19999999999999998,-0.07111111111111112,0.02888888888888888,205.00700000000003,0.6833566666666667,0.8833333333333333,0.043333333333333335,0.45416666666666666,0.25623999999999997,,,,,0.06283405220701195,0.09049623481161133,0.0,0.0,10.0,,,,
zipfian,oracle,50,0.3,0.99,5,0.9,0.1,0,300,-0.016110971872717206,-0.0444444444444444,0.34867777777777786,-0.024296627650452762,0.29216963885106106,0.18866666666666665,0.09999999999999998,0.19999999999999998,-0.08866666666666667,0.011333333333333334,192.77300000000002,0.6425766666666668,0.96,0.06666666666666667,0.36179999999999995,0.25623999999999997,,,,,0.06283405220701195,0.09049623481161133,0.0,0.0,10.0,,,,
zipfian,oracle,50,0.3,0.99,5,0.9,0.25,0,300,-0.02302949857176456,-0.03597122302158273,0.3894986919555265,-0.034988214620041536,0.2901951442252473,0.18533333333333335,0.09999999999999998,0.19999999999999998,-0.08533333333333337,0.014666666666666633,202.16700000000003,0.6738900000000001,0.9666666666666667,0.043333333333333335,0.35860666666666663,0.25623999999999997,,,,,0.06283405220701195,0.09049623481161133,0.0,0.0,10.0,,,,
zipfian,oracle,50,0.7,0.95,1,0.9,0.1,0,300,0.008901696610764329,0.043636363636363695,0.020647272727272736,0.013436261165977653,0.013436261165977653,0.08333333333333333,0.09999999999999998,0.19999999999999998,0.01666666666666665,0.11666666666666665,35.449999999999996,0.11816666666666666,0.52,0.01,0.2162233333333333,0.17204,,,,,0.04197064639802613,0.07843577521514918,0.0,0.0,10.0,,,,
zipfian,oracle,50,0.7,0.95,1,0.9,0.25,0,300,0.1169393676872358,0.48727272727272725,0.4512872727272727,0.10977840197201627,0.10977840197201627,0.10333333333333333,0.09999999999999998,0.19999999999999998,-0.003333333333333355,0.09666666666666665,141.43200000000002,0.4714400000000001,0.6466666666666666,0.016666666666666666,0.5833633333333335,0.17204,,,,,0.04197064639802613,0.07843577521514918,0.0,0.0,10.0,,,,
zipfian,oracle,50,0.7,0.95,3,0.9,0.1,0,300,0.019747731920906453,-0.06707629288274441,0.4016523297491039,0.04069849342235127,0.2600870312258319,0.16333333333333333,0.09999999999999998,0.19999999999999998,-0.06333333333333335,0.03666666666666665,169.46100000000004,0.5648700000000001,0.89,0.05,0.3449344444444444,0.17204,,,,,0.04197064639802613,0.07843577521514918,0.0,0.0,10.0,,,,
zipfian,oracle,50,0.7,0.95,3,0.9,0.25,0,300,0.016913675009660845,-0.019457245263696854,0.4428904249871992,0.04019974741774407,0.2600870312258319,0.16444444444444445,0.09999999999999998,0.19999999999999998,-0.06444444444444447,0.035555555555555535,168.59500000000003,0.5619833333333334,0.8866666666666667,0.05333333333333334,0.3449344444444444,0.17204,,,,,0.04197064639802613,0.07843577521514918,0.0,0.0,10.0,,,,
zipfian,oracle,50,0.7,0.95,5,0.9,0.1,0,300,0.05137591242208853,0.0037037037037036535,0.3688037037037038,-0.01123311077634237,0.21316944190293508,0.18266666666666664,0.09999999999999998,0.19999999999999998,-0.08266666666666667,0.01733333333333334,158.10700000000003,0.5270233333333334,0.97,0.07333333333333333,0.26275000000000004,0.17204,,,,,0.04197064639802613,0.07843577521514918,0.0,0.0,10.0,,,,
zipfian,oracle,50,0.7,0.95,5,0.9,0.25,0,300,0.02870010323440425,-0.029520295202952074,0.39440195953683677,-0.0023505285779560348,0.2150189873977827,0.18733333333333335,0.09999999999999998,0.19999999999999998,-0.08733333333333337,0.012666666666666632,149.24500000000003,0.49748333333333344,0.9733333333333334,0.11666666666666667,0.26722666666666667,0.17204,,,,,0.04197064639802613,0.07843577521514918,0.0,0.0,10.0,,,,
zipfian,oracle,50,0.7,0.99,1,0.9,0.1,0,300,0.14159665195527327,0.5490909090909091,0.5203672727272728,0.15558698552404893,0.15558698552404893,0.08,0.09999999999999998,0.19999999999999998,0.019999999999999976,0.11999999999999998,169.46500000000003,0.5648833333333334,0.7033333333333334,0.01,0.6766766666666668,0.17204,,,,,0.04197064639802613,0.07843577521514918,0.0,0.0,10.0,,,,
zipfian,oracle,50,0.7,0.99,1,0.9,0.25,0,300,0.14159665195527327,0.5490909090909091,0.5203672727272728,0.15558698552404893,0.15558698552404893,0.08,0.09999999999999998,0.19999999999999998,0.019999999999999976,0.11999999999999998,169.46500000000003,0.5648833333333334,0.7033333333333334,0.01,0.6766766666666668,0.17204,,,,,0.04197064639802613,0.07843577521514918,0.0,0.0,10.0,,,,
zipfian,oracle,50,0.7,0.99,3,0.9,0.1,0,300,0.01275476434300532,-0.06707629288274441,0.39595340501792115,0.040121046921487435,0.2600870312258319,0.16555555555555557,0.09999999999999998,0.19999999999999998,-0.06555555555555559,0.034444444444444416,168.77100000000002,0.56257,0.89,0.05333333333333334,0.3445866666666666,0.17204,,,,,0.04197064639802613,0.07843577521514918,0.0,0.0,10.0,,,,
zipfian,oracle,50,0.7,0.99,3,0.9,0.25,0,300,0.038128937817268005,0.01852142520797362,0.46149223041908655,0.04708012633952591,0.2573002804512824,0.14,0.09999999999999998,0.19999999999999998,-0.040000000000000036,0.05999999999999997,171.22900000000004,0.5707633333333335,0.8866666666666667,0.05,0.3378822222222222,0.17204,,,,,0.04197064639802613,0.07843577521514918,0.0,0.0,10.0,,,,
zipfian,oracle,50,0.7,0.99,5,0.9,0.1,0,300,0.08017570874652993,0.04843304843304841,0.4321404151404151,0.02478918400151056,0.23562133161695298,0.18533333333333332,0.09999999999999998,0.19999999999999998,-0.08533333333333334,0.014666666666666661,157.04100000000005,0.5234700000000002,0.97,0.07333333333333333,0.26355,0.17204,,,,,0.04197064639802613,0.07843577521514918,0.0,0.0,10.0,,,,
zipfian,oracle,50,0.7,0.99,5,0.9,0.25,0,300,0.05544364661373363,-0.029520295202952074,0.3929681893370658,0.0074293816632941545,0.2209015121660617,0.18266666666666664,0.09999999999999998,0.19999999999999998,-0.08266666666666667,0.01733333333333334,147.55300000000003,0.4918433333333334,0.9733333333333334,0.10666666666666667,0.271372,0.17204,,,,,0.04197064639802613,0.07843577521514918,0.0,0.0,10.0,,,,
zipfian,mle,50,0.0,0.95,1,0.9,0.1,0,300,0.25544840063964935,0.4285714285714286,0.3374595588235294,0.46632699497888636,0.46632699497888636,0.09333333333333334,0.09999999999999998,0.19999999999999998,0.00666666666666664,0.10666666666666665,98.23899999999999,0.3274633333333333,0.46,0.013333333333333334,1.0013133333333333,0.3353999999999999,1.4773000000000003,1.2022199999999998,0.6028,1.352075,0.08371949256448197,0.1005905383770542,2.8,6.8,10.0,0.059,2.542372881355932,1.0,1882.0
zipfian,mle,50,0.0,0.95,1,0.9,0.25,0,300,0.25005573139300197,0.42121848739495804,0.3320110294117647,0.45714584505126227,0.45714584505126227,0.09666666666666666,0.09999999999999998,0.19999999999999998,0.003333333333333313,0.10333333333333332,96.75699999999999,0.32252333333333333,0.4533333333333333,0.013333333333333334,1.0075966666666667,0.3353999999999999,1.48106,1.20598,0.6028,1.356775,0.08371949256448197,0.1005905383770542,2.9,6.775,10.0,0.0595,2.5210084033613445,1.0,1881.0
zipfian,mle,50,0.0,0.95,3,0.9,0.1,0,300,0.251490529379152,0.45833333333333337,0.6121477272727271,0.12784558233851928,0.6229951469118362,0.16,0.09999999999999998,0.19999999999999998,-0.060000000000000026,0.03999999999999998,186.30700000000002,0.6210233333333334,0.6533333333333333,0.01,1.4399611111111112,0.3353999999999999,1.6908599999999998,1.3680599999999996,0.9736,1.466675,0.08371949256448197,0.1005905383770542,14.4,18.9,10.0,0.15,3.0,2.0,1700.0
zipfian,mle,50,0.0,0.95,3,0.9,0.25,0,300,0.251490529379152,0.45833333333333337,0.6121477272727271,0.12594027277394326,0.6217307382760202,0.15444444444444444,0.09999999999999998,0.19999999999999998,-0.05444444444444446,0.045555555555555544,186.30700000000002,0.6210233333333334,0.6533333333333333,0.01,1.4528733333333335,0.3353999999999999,1.8026999999999997,1.4798999999999998,0.9296,1.6174750000000002,0.08371949256448197,0.1005905383770542,13.9,19.025,10.0,0.15,3.0,2.0,1700.0
zipfian,mle,50,0.0,0.95,5,0.9,0.1,0,300,0.36356236600356695,0.48989898989898994,0.42164141414141415,-0.012409381269253672,0.35612031134991395,0.17866666666666664,0.09999999999999998,0.19999999999999998,-0.07866666666666666,0.021333333333333343,148.15500000000003,0.4938500000000001,0.6533333333333333,0.016666666666666666,1.5552046666666666,0.3353999999999999,1.7876200000000002,1.4798600000000002,0.9610000000000001,1.609575,0.08371949256448197,0.1005905383770542,26.8,30.8,10.0,0.241,3.112033195020747,2.0,1518.0
zipfian,mle,50,0.0,0.95,5,0.9,0.25,0,300,0.2481103748715742,0.47058823529411764,0.5518834033613444,0.01729788228304724,0.41887938494582344,0.17866666666666664,0.09999999999999998,0.19999999999999998,-0.07866666666666666,0.021333333333333343,178.77300000000002,0.59591,0.6766666666666666,0.013333333333333334,1.5664593333333334,0.3353999999999999,1.73862,1.4359000000000004,0.9986000000000003,1.545225,0.08371949256448197,0.1005905383770542,26.8,30.8,10.0,0.2415,3.1055900621118013,2.0,1517.0
zipfian,mle,50,0.0,0.99,1,0.9,0.1,0,300,-0.6572611652350898,-0.5210084033613446,-0.8976066176470587,-1.5613529288541232,-1.5613529288541232,0.66,0.09999999999999998,0.19999999999999998,-0.56,-0.4600000000000001,25.701,0.08567,0.06333333333333334,0.056666666666666664,1.5897299999999999,0.3353999999999999,1.46976,1.18212,0.5714,1.3348,0.08371949256448197,0.1005905383770542,19.8,2.55,10.0,0.0565,2.6548672566371683,1.0,1887.0
zipfian,mle,50,0.0,0.99,1,0.9,0.25,0,300,0.25005573139300197,0.42121848739495804,0.3320110294117647,0.4840344662097972,0.4840344662097972,0.11333333333333333,0.09999999999999998,0.19999999999999998,-0.01333333333333335,0.08666666666666666,96.75699999999999,0.32252333333333333,0.4533333333333333,0.013333333333333334,1.0109466666666667,0.3353999999999999,1.4521800000000002,1.22234,0.7159000000000001,1.3489499999999999,0.08371949256448197,0.1005905383770542,3.4,6.65,10.0,0.0595,2.5210084033613445,1.0,1881.0
zipfian,mle,50,0.0,0.99,3,0.9,0.1,0,300,0.185326416098324,0.32294040052764117,0.3851397050005996,0.053522989986759584,0.3939567208377335,0.15444444444444444,0.09999999999999998,0.19999999999999998,-0.05444444444444446,0.045555555555555544,198.78,0.6626,0.6766666666666666,0.023333333333333334,1.4560055555555553,0.3353999999999999,1.6795999999999998,1.3617999999999997,0.9548,1.4635500000000001,0.08371949256448197,0.1005905383770542,13.9,19.025,10.0,0.1505,2.990033222591362,2.0,1699.0
zipfian,mle,50,0.0,0.99,3,0.9,0.25,0,300,0.13229491201685212,0.3551984650437702,0.4677848662909222,0.05456605005361315,0.3939567208377335,0.15444444444444444,0.09999999999999998,0.19999999999999998,-0.05444444444444446,0.045555555555555544,196.21800000000002,0.6540600000000001,0.6733333333333333,0.02,1.4600544444444443,0.3353999999999999,1.67078,1.38814,1.0364999999999998,1.47605,0.08371949256448197,0.1005905383770542,13.9,19.025,10.0,0.1505,2.990033222591362,2.0,1699.0
zipfian,mle,50,0.0,0.99,5,0.9,0.1,0,300,0.3434712492319867,0.34071004802712124,0.2565998681608438,-0.008159221286569374,0.32219200190586184,0.17200000000000001,0.09999999999999998,0.19999999999999998,-0.07200000000000004,0.02799999999999997,146.87400000000002,0.48958000000000007,0.66,0.03333333333333333,1.5391693333333332,0.3353999999999999,1.71474,1.4069799999999995,0.8478000000000001,1.546775,0.08371949256448197,0.1005905383770542,25.8,31.05,10.0,0.2405,3.1185031185031185,2.0,1519.0
zipfian,mle,50,0.0,0.99,5,0.9,0.25,0,300,0.3171816843977002,0.381415790299796,0.3728180819337624,0.039967100269508726,0.4161020784534578,0.17333333333333334,0.09999999999999998,0.19999999999999998,-0.07333333333333336,0.026666666666666644,154.38800000000003,0.5146266666666668,0.7,0.016666666666666666,1.553074,0.3353999999999999,1.7712999999999999,1.4836200000000002,1.2625000000000002,1.5389000000000002,0.08371949256448197,0.1005905383770542,26.0,31.0,10.0,0.239,3.1380753138075312,2.0,1522.0
zipfian,mle,50,0.3,0.95,1,0.9,0.1,0,300,0.22582397850878477,0.4285714285714286,0.3374595588235294,0.37515664142487104,0.37515664142487104,0.09333333333333334,0.09999999999999998,0.19999999999999998,0.00666666666666664,0.10666666666666665,98.23899999999999,0.3274633333333333,0.46,0.013333333333333334,1.0013133333333333,0.25623999999999997,1.4773000000000003,1.25374,0.7787,1.3725,0.06283405220701195,0.09049623481161133,2.8,6.8,10.0,0.059,2.542372881355932,1.0,1882.0
zipfian,mle,50,0.3,0.95,1,0.9,0.25,0,300,0.22153425043860808,0.42121848739495804,0.3320110294117647,0.3669172609469623,0.3669172609469623,0.09666666666666666,0.09999999999999998,0.19999999999999998,0.003333333333333313,0.10333333333333332,96.75699999999999,0.32252333333333333,0.4533333333333333,0.013333333333333334,1.0075966666666667,0.25623999999999997,1.48106,1.2575,0.7787,1.3772,0.06283405220701195,0.09049623481161133,2.9,6.775,10.0,0.0595,2.5210084033613445,1.0,1881.0
zipfian,mle,50,0.3,0.95,3,0.9,0.1,0,300,0.16800557330986166,0.476010101010101,0.6247007575757575,0.07614920409135034,0.4815139225614248,0.15666666666666668,0.09999999999999998,0.19999999999999998,-0.0566666666666667,0.04333333333333331,176.221,0.5874033333333334,0.6133333333333333,0.006666666666666667,1.4394677777777778,0.25623999999999997,1.8894,1.6356799999999998,1.3064,1.718,0.06283405220701195,0.09049623481161133,14.1,18.975,10.0,0.15,3.0,2.0,1700.0
zipfian,mle,50,0.3,0.95,3,0.9,0.25,0,300,0.16800557330986166,0.476010101010101,0.6247007575757575,0.07582377430804627,0.48026950304328586,0.16,0.09999999999999998,0.19999999999999998,-0.060000000000000026,0.03999999999999998,176.221,0.5874033333333334,0.6133333333333333,0.006666666666666667,1.4408655555555554,0.25623999999999997,1.82532,1.59676,1.1808,1.70075,0.06283405220701195,0.09049623481161133,14.4,18.9,10.0,0.1495,3.0100334448160537,2.0,1701.0
zipfian,mle,50,0.3,0.95,5,0.9,0.1,0,300,0.309336882468217,0.5454545454545455,0.5236477272727272,-0.00263044627495157,0.43398667028056126,0.17733333333333332,0.09999999999999998,0.19999999999999998,-0.07733333333333334,0.02266666666666667,142.84300000000002,0.4761433333333334,0.6466666666666666,0.01,1.5571339999999998,0.25623999999999997,1.7411000000000003,1.5376600000000002,1.1747,1.6283999999999998,0.06283405220701195,0.09049623481161133,26.6,30.85,10.0,0.241,3.112033195020747,2.0,1518.0
zipfian,mle,50,0.3,0.95,5,0.9,0.25,0,300,0.20381548980385686,0.4915966386554622,0.6140393907563025,0.012781103351007184,0.4463570929018359,0.178,0.09999999999999998,0.19999999999999998,-0.07800000000000001,0.021999999999999992,172.933,0.5764433333333333,0.66,0.01,1.5673786666666667,0.25623999999999997,1.7210400000000001,1.4698399999999998,1.1682000000000001,1.54525,0.06283405220701195,0.09049623481161133,26.7,30.825,10.0,0.2415,3.1055900621118013,2.0,1517.0
zipfian,mle,50,0.3,0.99,1,0.9,0.1,0,300,-0.21034095973300432,-0.4852941176470588,-0.7836423319327731,-1.0655412885486328,-1.0655412885486328,0.66,0.09999999999999998,0.19999999999999998,-0.56,-0.4600000000000001,22.51,0.07503333333333334,0.06,0.05333333333333334,1.5334066666666664,0.25623999999999997,1.46976,1.23364,0.7473,1.3552250000000001,0.06283405220701195,0.09049623481161133,19.8,2.55,10.0,0.0565,2.6548672566371683,1.0,1887.0
zipfian,mle,50,0.3,0.99,1,0.9,0.25,0,300,0.22153425043860808,0.42121848739495804,0.3320110294117647,0.3871255661760587,0.3871255661760587,0.11333333333333333,0.09999999999999998,0.19999999999999998,-0.01333333333333335,0.08666666666666666,96.75699999999999,0.32252333333333333,0.4533333333333333,0.013333333333333334,1.0109466666666667,0.25623999999999997,1.4521800000000002,1.27386,0.8918000000000001,1.3693750000000002,0.06283405220701195,0.09049623481161133,3.4,6.65,10.0,0.0595,2.5210084033613445,1.0,1881.0
zipfian,mle,50,0.3,0.99,3,0.9,0.1,0,300,0.17068076259869436,0.49046648279170163,0.6302525482671782,0.03299423024447695,0.3688761888116029,0.15444444444444444,0.09999999999999998,0.19999999999999998,-0.05444444444444446,0.045555555555555544,183.996,0.61332,0.6333333333333333,0.006666666666666667,1.4526577777777776,0.25623999999999997,1.7286,1.4823999999999997,1.2059,1.551525,0.06283405220701195,0.09049623481161133,13.9,19.025,10.0,0.1505,2.990033222591362,2.0,1699.0
zipfian,mle,50,0.3,0.99,3,0.9,0.25,0,300,0.11832974832496618,0.42595035375944357,0.5338009353639525,0.03320137438113596,0.3688761888116029,0.15222222222222223,0.09999999999999998,0.19999999999999998,-0.05222222222222225,0.04777777777777775,186.98600000000002,0.6232866666666668,0.64,0.013333333333333334,1.4526588888888887,0.25623999999999997,1.7461799999999998,1.5100599999999997,1.1369,1.60335,0.06283405220701195,0.09049623481161133,13.7,19.075,10.0,0.1505,2.990033222591362,2.0,1699.0
zipfian,mle,50,0.3,0.99,5,0.9,0.1,0,300,0.3079086372981579,0.5454545454545455,0.5236477272727272,0.004995622169477132,0.4430337206802102,0.176,0.09999999999999998,0.19999999999999998,-0.07600000000000001,0.023999999999999994,142.84300000000002,0.4761433333333334,0.6466666666666666,0.01,1.5560866666666668,0.25623999999999997,1.7951400000000002,1.5917000000000001,1.4385,1.6300000000000001,0.06283405220701195,0.09049623481161133,26.4,30.9,10.0,0.241,3.112033195020747,2.0,1518.0
zipfian,mle,50,0.3,0.99,5,0.9,0.25,0,300,0.31090159070230117,0.4436363636363636,0.4398254545454545,0.019174445669424,0.44192660803387895,0.1706666666666667,0.09999999999999998,0.19999999999999998,-0.07066666666666671,0.029333333333333295,150.79600000000005,0.5026533333333335,0.6866666666666666,0.013333333333333334,1.5454486666666667,0.25623999999999997,1.7888399999999998,1.5451599999999999,1.4697,1.5640249999999998,0.06283405220701195,0.09049623481161133,25.6,31.1,10.0,0.239,3.1380753138075312,2.0,1522.0
zipfian,mle,50,0.7,0.95,1,0.9,0.1,0,300,0.17466063076901817,0.34243697478991597,0.25382037815126046,0.25163779065862807,0.25163779065862807,0.09333333333333334,0.09999999999999998,0.19999999999999998,0.00666666666666664,0.10666666666666665,96.75699999999999,0.32252333333333333,0.4533333333333333,0.01,1.0013133333333333,0.17204,1.4773000000000003,1.3127799999999998,1.0425,1.38035,0.04197064639802613,0.07843577521514918,2.8,6.8,10.0,0.059,2.542372881355932,1.0,1882.0
zipfian,mle,50,0.7,0.95,1,0.9,0.25,0,300,0.17184149093413556,0.3350840336134454,0.24837184873949583,0.24462790782038085,0.24462790782038085,0.09666666666666666,0.09999999999999998,0.19999999999999998,0.003333333333333313,0.10333333333333332,95.27499999999999,0.31758333333333333,0.44666666666666666,0.01,1.0075966666666667,0.17204,1.48106,1.31654,1.0425,1.3850500000000001,0.04197064639802613,0.07843577521514918,2.9,6.775,10.0,0.0595,2.5210084033613445,1.0,1881.0
zipfian,mle,50,0.7,0.95,3,0.9,0.1,0,300,0.17706377027183468,-0.0757575757575758,-0.02267424242424243,0.014758157025503427,0.1716141571421057,0.15777777777777777,0.09999999999999998,0.19999999999999998,-0.05777777777777779,0.04222222222222222,132.964,0.44321333333333335,0.6833333333333333,0.0033333333333333335,1.3719533333333331,0.17204,1.8064799999999999,1.6444800000000002,1.6141999999999999,1.6520499999999998,0.04197064639802613,0.07843577521514918,14.2,18.95,10.0,0.15,3.0,2.0,1700.0
zipfian,mle,50,0.7,0.95,3,0.9,0.25,0,300,0.17369167910819447,0.06932773109243706,0.10902731092436979,0.0596741238612396,0.22488268382531118,0.1522222222222222,0.09999999999999998,0.19999999999999998,-0.052222222222222225,0.04777777777777778,128.934,0.42978,0.67,0.0033333333333333335,1.3928800000000001,0.17204,1.8052000000000001,1.6432,1.4068999999999998,1.7022750000000002,0.04197064639802613,0.07843577521514918,13.7,19.075,10.0,0.1505,2.990033222591362,2.0,1699.0
zipfian,mle,50,0.7,0.95,5,0.9,0.1,0,300,0.17282006716889775,0.32449494949494945,0.3283169191919192,-0.0035748180153878373,0.22480950487539586,0.17733333333333332,0.09999999999999998,0.19999999999999998,-0.07733333333333334,0.02266666666666667,143.40900000000005,0.4780300000000002,0.6466666666666666,0.01,1.558558,0.17204,1.66322,1.4961800000000003,1.2687000000000002,1.55305,0.04197064639802613,0.07843577521514918,26.6,30.85,10.0,0.241,3.112033195020747,2.0,1518.0
zipfian,mle,50,0.7,0.95,5,0.9,0.25,0,300,0.17643283408378477,0.34531470726730495,0.397504630356302,0.03141596268370339,0.3105045105434595,0.17800000000000002,0.09999999999999998,0.19999999999999998,-0.07800000000000004,0.021999999999999964,146.47400000000005,0.48824666666666683,0.6666666666666666,0.01,1.5467486666666668,0.17204,1.824,1.65696,1.7212,1.6408999999999998,0.04197064639802613,0.07843577521514918,26.7,30.825,10.0,0.2415,3.1055900621118013,2.0,1517.0
zipfian,mle,50,0.7,0.99,1,0.9,0.1,0,300,0.17466063076901817,0.34243697478991597,0.25382037815126046,0.2496590432732279,0.2496590432732279,0.13,0.09999999999999998,0.19999999999999998,-0.030000000000000027,0.06999999999999998,96.75699999999999,0.32252333333333333,0.4533333333333333,0.01,1.0241433333333334,0.17204,1.49236,1.32784,1.0425,1.399175,0.04197064639802613,0.07843577521514918,3.9,6.525,10.0,0.0575,2.608695652173913,1.0,1885.0
zipfian,mle,50,0.7,0.99,1,0.9,0.25,0,300,0.17184149093413556,0.3350840336134454,0.24837184873949583,0.2549235767413289,0.2549235767413289,0.11,0.09999999999999998,0.19999999999999998,-0.010000000000000023,0.08999999999999998,95.27499999999999,0.31758333333333333,0.44666666666666666,0.01,1.0247633333333332,0.17204,1.4635000000000002,1.3140599999999998,0.9609,1.4023499999999998,0.04197064639802613,0.07843577521514918,3.3,6.675,10.0,0.059,2.542372881355932,1.0,1882.0
zipfian,mle,50,0.7,0.99,3,0.9,0.1,0,300,0.2023355180733899,0.06739417196306507,0.08886521165607392,0.004710245454877915,0.19908784704769256,0.15555555555555556,0.09999999999999998,0.19999999999999998,-0.05555555555555558,0.044444444444444425,129.737,0.43245666666666666,0.6733333333333333,0.0033333333333333335,1.3848622222222222,0.17204,1.7499599999999997,1.5879599999999998,1.6018000000000001,1.5844999999999998,0.04197064639802613,0.07843577521514918,14.0,19.0,10.0,0.1505,2.990033222591362,2.0,1699.0
zipfian,mle,50,0.7,0.99,3,0.9,0.25,0,300,0.2023355180733899,0.06739417196306507,0.08886521165607392,0.004336840467578873,0.19908784704769256,0.15333333333333332,0.09999999999999998,0.19999999999999998,-0.053333333333333344,0.04666666666666666,129.737,0.43245666666666666,0.6733333333333333,0.0033333333333333335,1.3882866666666667,0.17204,1.71096,1.5489600000000001,1.4383,1.576625,0.04197064639802613,0.07843577521514918,13.8,19.05,10.0,0.1505,2.990033222591362,2.0,1699.0
zipfian,mle,50,0.7,0.99,5,0.9,0.1,0,300,0.17193552193743397,0.29671717171717166,0.30598358585858587,0.0022645014825593557,0.22150850355368623,0.18,0.09999999999999998,0.19999999999999998,-0.08000000000000002,0.01999999999999999,144.21300000000005,0.4807100000000002,0.65,0.01,1.5575099999999997,0.17204,1.8366399999999998,1.6696,1.6331000000000002,1.678725,0.04197064639802613,0.07843577521514918,27.0,30.75,10.0,0.241,3.112033195020747,2.0,1518.0
zipfian,mle,50,0.7,0.99,5,0.9,0.25,0,300,0.18076120568850423,0.42181818181818176,0.4456036363636364,0.013821763754668148,0.2896546029207132,0.17266666666666666,0.09999999999999998,0.19999999999999998,-0.07266666666666668,0.02733333333333332,146.34900000000005,0.48783000000000015,0.6666666666666666,0.01,1.5471626666666665,0.17204,1.7562000000000004,1.5891599999999997,1.6644,1.57035,0.04197064639802613,0.07843577521514918,25.9,31.025,10.0,0.239,3.1380753138075312,2.0,1522.0
