preference_model,pricing_model,n_items,gamma,delta,K,alpha,lambda_,seed,T,utility_gap_M_minus_m,purchase_gap_M_minus_m,revenue_gap_M_minus_m,recommended_value_gap_M_minus_m,best_recommended_value_gap_M_minus_m,overall_minority_item_exposure,minority_population_share,random_minority_item_share,exposure_representation_gap,exposure_random_gap,total_revenue,avg_revenue_per_user,overall_purchase_rate,minority_item_purchase_share,avg_shown_price,avg_oracle_price_all_items,avg_final_mle_price_all_items,avg_abs_mle_oracle_price_error_all_items,avg_abs_mle_oracle_price_error_minority_items,avg_abs_mle_oracle_price_error_majority_items,avg_oracle_r_star_minority_items,avg_oracle_r_star_majority_items,avg_mle_exposures_minority_items,avg_mle_exposures_majority_items,n_minority_preferred_items
gaussian,fixed,50,0.0,0.95,1,0.9,0.1,0,300,-0.13262264299748983,-0.2581818181818182,-0.1936363636363636,-0.1681502660394456,-0.1681502660394456,0.07333333333333333,0.09999999999999998,0.19999999999999998,0.026666666666666644,0.12666666666666665,162.75,0.5425,0.7233333333333334,0.056666666666666664,0.75,0.7133999999999999,,,,,0.5941182998767679,0.5858511105622557,0.0,0.0,10.0
gaussian,fixed,50,0.0,0.95,1,0.9,0.25,0,300,-0.1301497479116027,-0.2545454545454545,-0.19090909090909092,-0.16556760872974374,-0.16556760872974374,0.07666666666666666,0.09999999999999998,0.19999999999999998,0.023333333333333317,0.12333333333333332,163.5,0.545,0.7266666666666667,0.06,0.75,0.7133999999999999,,,,,0.5941182998767679,0.5858511105622557,0.0,0.0,10.0
gaussian,fixed,50,0.0,0.95,3,0.9,0.1,0,300,0.3432675297371229,0.19212054622508234,0.1440904096688117,0.35601306911418396,0.3876576063839462,0.1577777777777778,0.09999999999999998,0.19999999999999998,-0.05777777777777782,0.04222222222222219,216.0,0.72,0.96,0.10666666666666667,0.75,0.7133999999999999,,,,,0.5941182998767679,0.5858511105622557,0.0,0.0,10.0
gaussian,fixed,50,0.0,0.95,3,0.9,0.25,0,300,0.2834285288918916,0.14130434782608692,0.10597826086956519,0.2585396156285763,0.32064007602844313,0.1288888888888889,0.09999999999999998,0.19999999999999998,-0.02888888888888891,0.0711111111111111,216.75,0.7225,0.9633333333333334,0.09333333333333334,0.75,0.7133999999999999,,,,,0.5941182998767679,0.5858511105622557,0.0,0.0,10.0
gaussian,fixed,50,0.0,0.99,1,0.9,0.1,0,300,-0.13262264299748983,-0.2581818181818182,-0.1936363636363636,-0.1681502660394456,-0.1681502660394456,0.07333333333333333,0.09999999999999998,0.19999999999999998,0.026666666666666644,0.12666666666666665,162.75,0.5425,0.7233333333333334,0.056666666666666664,0.75,0.7133999999999999,,,,,0.5941182998767679,0.5858511105622557,0.0,0.0,10.0
gaussian,fixed,50,0.0,0.99,1,0.9,0.25,0,300,-0.11955171351828703,-0.10909090909090902,-0.08181818181818179,-0.14331883636245646,-0.14331883636245646,0.7266666666666667,0.09999999999999998,0.19999999999999998,-0.6266666666666667,-0.5266666666666667,193.5,0.645,0.86,0.71,0.75,0.7133999999999999,,,,,0.5941182998767679,0.5858511105622557,0.0,0.0,10.0
gaussian,fixed,50,0.0,0.99,3,0.9,0.1,0,300,0.2825566820412548,0.11712184873949583,0.08784138655462181,0.334751549574579,0.3094075822838236,0.13333333333333333,0.09999999999999998,0.19999999999999998,-0.033333333333333354,0.06666666666666665,216.75,0.7225,0.9633333333333334,0.10333333333333333,0.75,0.7133999999999999,,,,,0.5941182998767679,0.5858511105622557,0.0,0.0,10.0
gaussian,fixed,50,0.0,0.99,3,0.9,0.25,0,300,0.13955774672512106,0.014545454545454528,0.01090909090909098,0.15564095765494101,0.1515758944121124,0.11111111111111109,0.09999999999999998,0.19999999999999998,-0.011111111111111113,0.08888888888888889,219.0,0.73,0.9733333333333334,0.1,0.75,0.7133999999999999,,,,,0.5941182998767679,0.5858511105622557,0.0,0.0,10.0
gaussian,fixed,50,0.3,0.95,1,0.9,0.1,0,300,-0.059912006946526986,-0.09090909090909094,-0.06818181818181812,-0.10321211786615303,-0.10321211786615303,0.7333333333333333,0.09999999999999998,0.19999999999999998,-0.6333333333333333,-0.5333333333333333,161.25,0.5375,0.7166666666666667,0.6566666666666666,0.75,0.51612,,,,,0.3888609402809491,0.4002863398403928,0.0,0.0,10.0
gaussian,fixed,50,0.3,0.95,1,0.9,0.25,0,300,0.0455087707922378,0.21090909090909093,0.15818181818181815,0.08019379518752334,0.08019379518752334,0.07333333333333333,0.09999999999999998,0.19999999999999998,0.026666666666666644,0.12666666666666665,124.5,0.415,0.5533333333333333,0.04,0.75,0.51612,,,,,0.3888609402809491,0.4002863398403928,0.0,0.0,10.0
gaussian,fixed,50,0.3,0.95,3,0.9,0.1,0,300,0.08429934859840876,0.3054545454545454,0.22909090909090907,0.09870197875791076,0.12370437043866267,0.14555555555555555,0.09999999999999998,0.19999999999999998,-0.04555555555555557,0.054444444444444434,198.0,0.66,0.88,0.10333333333333333,0.75,0.51612,,,,,0.3888609402809491,0.4002863398403928,0.0,0.0,10.0
gaussian,fixed,50,0.3,0.95,3,0.9,0.25,0,300,0.11231958569502293,0.21225566614701996,0.15919174961026505,0.15740588053838522,0.1356353351452524,0.12444444444444443,0.09999999999999998,0.19999999999999998,-0.02444444444444445,0.07555555555555556,202.5,0.675,0.9,0.09666666666666666,0.75,0.51612,,,,,0.3888609402809491,0.4002863398403928,0.0,0.0,10.0
gaussian,fixed,50,0.3,0.99,1,0.9,0.1,0,300,-0.058347012038223484,-0.08363636363636373,-0.06272727272727274,-0.10061363324630179,-0.10061363324630179,0.74,0.09999999999999998,0.19999999999999998,-0.64,-0.54,162.75,0.5425,0.7233333333333334,0.6633333333333333,0.75,0.51612,,,,,0.3888609402809491,0.4002863398403928,0.0,0.0,10.0
gaussian,fixed,50,0.3,0.99,1,0.9,0.25,0,300,0.0455087707922378,0.21090909090909093,0.15818181818181815,0.08019379518752334,0.08019379518752334,0.07333333333333333,0.09999999999999998,0.19999999999999998,0.026666666666666644,0.12666666666666665,124.5,0.415,0.5533333333333333,0.04,0.75,0.51612,,,,,0.3888609402809491,0.4002863398403928,0.0,0.0,10.0
gaussian,fixed,50,0.3,0.99,3,0.9,0.1,0,300,0.1467656549728264,0.4585084033613446,0.34388130252100846,0.2277010009867962,0.2297407775261996,0.12888888888888891,0.09999999999999998,0.19999999999999998,-0.028888888888888936,0.07111111111111107,198.0,0.66,0.88,0.10333333333333333,0.75,0.51612,,,,,0.3888609402809491,0.4002863398403928,0.0,0.0,10.0
gaussian,fixed,50,0.3,0.99,3,0.9,0.25,0,300,0.1573200949024369,0.4415954415954417,0.3311965811965812,0.18992016335916162,0.2234472994173522,0.12555555555555556,0.09999999999999998,0.19999999999999998,-0.02555555555555558,0.07444444444444442,198.75,0.6625,0.8833333333333333,0.08666666666666667,0.75,0.51612,,,,,0.3888609402809491,0.4002863398403928,0.0,0.0,10.0
gaussian,fixed,50,0.7,0.95,1,0.9,0.1,0,300,-0.03681933457072323,-0.08727272727272728,-0.06545454545454549,-0.1149639954966648,-0.1149639954966648,0.07333333333333333,0.09999999999999998,0.19999999999999998,0.026666666666666644,0.12666666666666665,144.0,0.48,0.64,0.0,0.75,0.27092000000000005,,,,,0.15082943483849204,0.18091075617796593,0.0,0.0,10.0
gaussian,fixed,50,0.7,0.95,1,0.9,0.25,0,300,-0.03663250286044617,-0.08363636363636362,-0.06272727272727274,-0.09977847923152117,-0.09977847923152117,0.08333333333333333,0.09999999999999998,0.19999999999999998,0.01666666666666665,0.11666666666666665,117.75,0.3925,0.5233333333333333,0.0,0.75,0.27092000000000005,,,,,0.15082943483849204,0.18091075617796593,0.0,0.0,10.0
gaussian,fixed,50,0.7,0.95,3,0.9,0.1,0,300,0.017262647829551392,-0.05837173579109067,-0.04377880184331795,0.014740598524952908,0.024788310325704055,0.14777777777777776,0.09999999999999998,0.19999999999999998,-0.04777777777777778,0.052222222222222225,148.5,0.495,0.66,0.0,0.75,0.27092000000000005,,,,,0.15082943483849204,0.18091075617796593,0.0,0.0,10.0
gaussian,fixed,50,0.7,0.95,3,0.9,0.25,0,300,0.017262647829551392,-0.05837173579109067,-0.04377880184331795,0.016551331114037504,0.024788310325704055,0.14999999999999997,0.09999999999999998,0.19999999999999998,-0.04999999999999999,0.05000000000000002,148.5,0.495,0.66,0.0,0.75,0.27092000000000005,,,,,0.15082943483849204,0.18091075617796593,0.0,0.0,10.0
gaussian,fixed,50,0.7,0.99,1,0.9,0.1,0,300,-0.03681933457072323,-0.08727272727272728,-0.06545454545454549,-0.1149639954966648,-0.1149639954966648,0.07333333333333333,0.09999999999999998,0.19999999999999998,0.026666666666666644,0.12666666666666665,144.0,0.48,0.64,0.0,0.75,0.27092000000000005,,,,,0.15082943483849204,0.18091075617796593,0.0,0.0,10.0
gaussian,fixed,50,0.7,0.99,1,0.9,0.25,0,300,-0.03681933457072323,-0.08727272727272728,-0.06545454545454549,-0.1149639954966648,-0.1149639954966648,0.07333333333333333,0.09999999999999998,0.19999999999999998,0.026666666666666644,0.12666666666666665,144.0,0.48,0.64,0.0,0.75,0.27092000000000005,,,,,0.15082943483849204,0.18091075617796593,0.0,0.0,10.0
gaussian,fixed,50,0.7,0.99,3,0.9,0.1,0,300,0.017262647829551392,-0.05837173579109067,-0.04377880184331795,0.020719455926242802,0.024788310325704055,0.14777777777777776,0.09999999999999998,0.19999999999999998,-0.04777777777777778,0.052222222222222225,148.5,0.495,0.66,0.0,0.75,0.27092000000000005,,,,,0.15082943483849204,0.18091075617796593,0.0,0.0,10.0
gaussian,fixed,50,0.7,0.99,3,0.9,0.25,0,300,0.017262647829551392,-0.05837173579109067,-0.04377880184331795,0.015030459945327201,0.024788310325704055,0.14777777777777776,0.09999999999999998,0.19999999999999998,-0.04777777777777778,0.052222222222222225,148.5,0.495,0.66,0.0,0.75,0.27092000000000005,,,,,0.15082943483849204,0.18091075617796593,0.0,0.0,10.0
gaussian,oracle,50,0.0,0.95,1,0.9,0.1,0,300,-0.15562900023261816,-0.040000000000000036,-0.024603636363636272,-0.1681502660394456,-0.1681502660394456,0.07333333333333333,0.09999999999999998,0.19999999999999998,0.026666666666666644,0.12666666666666665,181.886,0.6062866666666666,0.8833333333333333,0.06333333333333334,0.6810066666666668,0.7133999999999999,,,,,0.5941182998767679,0.5858511105622557,0.0,0.0,10.0
gaussian,oracle,50,0.0,0.95,1,0.9,0.25,0,300,-0.15562900023261816,-0.040000000000000036,-0.024603636363636272,-0.1681502660394456,-0.1681502660394456,0.07333333333333333,0.09999999999999998,0.19999999999999998,0.026666666666666644,0.12666666666666665,181.886,0.6062866666666666,0.8833333333333333,0.06333333333333334,0.6810066666666668,0.7133999999999999,,,,,0.5941182998767679,0.5858511105622557,0.0,0.0,10.0
gaussian,oracle,50,0.0,0.95,3,0.9,0.1,0,300,-0.13358055976464045,0.14082214082214084,0.37855026455026464,0.23234785307722083,0.22967478488445514,0.14222222222222225,0.09999999999999998,0.19999999999999998,-0.04222222222222227,0.057777777777777733,253.622,0.8454066666666668,0.98,0.12333333333333334,0.83258,0.7133999999999999,,,,,0.5941182998767679,0.5858511105622557,0.0,0.0,10.0
gaussian,oracle,50,0.0,0.95,3,0.9,0.25,0,300,-0.17139473207260542,0.027518656716417955,0.11037593283582081,0.045420059460201,-0.037865831399990224,0.34777777777777774,0.09999999999999998,0.19999999999999998,-0.24777777777777776,-0.14777777777777776,263.787,0.8792899999999999,0.9933333333333333,0.43333333333333335,0.8442277777777779,0.7133999999999999,,,,,0.5941182998767679,0.5858511105622557,0.0,0.0,10.0
gaussian,oracle,50,0.0,0.99,1,0.9,0.1,0,300,-0.06257704274339981,-0.0072727272727273196,-0.08081454545454536,-0.13590845995245981,-0.13590845995245981,0.74,0.09999999999999998,0.19999999999999998,-0.64,-0.54,272.028,0.9067600000000001,0.9133333333333333,0.7,0.9743400000000001,0.7133999999999999,,,,,0.5941182998767679,0.5858511105622557,0.0,0.0,10.0
gaussian,oracle,50,0.0,0.99,1,0.9,0.25,0,300,-0.06257704274339981,-0.0072727272727273196,-0.08081454545454536,-0.13590845995245981,-0.13590845995245981,0.74,0.09999999999999998,0.19999999999999998,-0.64,-0.54,272.028,0.9067600000000001,0.9133333333333333,0.7,0.9743400000000001,0.7133999999999999,,,,,0.5941182998767679,0.5858511105622557,0.0,0.0,10.0
gaussian,oracle,50,0.0,0.99,3,0.9,0.1,0,300,-0.14703469914609651,0.0763636363636363,0.22074545454545447,0.11479018743587588,0.08416194116361608,0.1511111111111111,0.09999999999999998,0.19999999999999998,-0.051111111111111135,0.04888888888888887,251.673,0.83891,0.99,0.14666666666666667,0.8018677777777776,0.7133999999999999,,,,,0.5941182998767679,0.5858511105622557,0.0,0.0,10.0
gaussian,oracle,50,0.0,0.99,3,0.9,0.25,0,300,-0.1339058780045047,0.06407563025210083,0.1620388655462185,0.06106253903197001,-0.020826095916026688,0.34777777777777774,0.09999999999999998,0.19999999999999998,-0.24777777777777776,-0.14777777777777776,255.221,0.8507366666666667,0.9866666666666667,0.38333333333333336,0.8384711111111112,0.7133999999999999,,,,,0.5941182998767679,0.5858511105622557,0.0,0.0,10.0
gaussian,oracle,50,0.3,0.95,1,0.9,0.1,0,300,-0.09478010986578006,-0.13454545454545463,-0.08246181818181825,-0.12444719075907162,-0.12444719075907162,0.07333333333333333,0.09999999999999998,0.19999999999999998,0.026666666666666644,0.12666666666666665,129.183,0.43061,0.7966666666666666,0.06,0.53464,0.51612,,,,,0.3888609402809491,0.4002863398403928,0.0,0.0,10.0
gaussian,oracle,50,0.3,0.95,1,0.9,0.25,0,300,0.08119821804613656,0.21818181818181814,0.1173309090909091,0.08019379518752334,0.08019379518752334,0.07333333333333333,0.09999999999999998,0.19999999999999998,0.026666666666666644,0.12666666666666665,147.34600000000003,0.49115333333333344,0.84,0.06,0.5759733333333334,0.51612,,,,,0.3888609402809491,0.4002863398403928,0.0,0.0,10.0
gaussian,oracle,50,0.3,0.95,3,0.9,0.1,0,300,-0.02607980809816518,0.09606820206133093,0.1753025830258303,0.0898437699698057,0.1267025607868345,0.1411111111111111,0.09999999999999998,0.19999999999999998,-0.041111111111111126,0.05888888888888888,175.307,0.5843566666666666,0.9833333333333333,0.13,0.5826277777777777,0.51612,,,,,0.3888609402809491,0.4002863398403928,0.0,0.0,10.0
gaussian,oracle,50,0.3,0.95,3,0.9,0.25,0,300,0.11999917346580402,0.32592592592592595,0.30238518518518526,0.23500559166062873,0.2724057762046185,0.08888888888888888,0.09999999999999998,0.19999999999999998,0.0111111111111111,0.1111111111111111,185.824,0.6194133333333334,0.96,0.08,0.6509633333333333,0.51612,,,,,0.3888609402809491,0.4002863398403928,0.0,0.0,10.0
gaussian,oracle,50,0.3,0.99,1,0.9,0.1,0,300,-0.09478010986578006,-0.13454545454545463,-0.08246181818181825,-0.12444719075907162,-0.12444719075907162,0.07333333333333333,0.09999999999999998,0.19999999999999998,0.026666666666666644,0.12666666666666665,129.183,0.43061,0.7966666666666666,0.06,0.53464,0.51612,,,,,0.3888609402809491,0.4002863398403928,0.0,0.0,10.0
gaussian,oracle,50,0.3,0.99,1,0.9,0.25,0,300,-0.09478010986578006,-0.13454545454545463,-0.08246181818181825,-0.12444719075907162,-0.12444719075907162,0.07333333333333333,0.09999999999999998,0.19999999999999998,0.026666666666666644,0.12666666666666665,129.183,0.43061,0.7966666666666666,0.06,0.53464,0.51612,,,,,0.3888609402809491,0.4002863398403928,0.0,0.0,10.0
gaussian,oracle,50,0.3,0.99,3,0.9,0.1,0,300,-0.13641959464900139,0.07251608852613411,0.1296134044890912,0.025816170867041466,-0.03365001435507653,0.35333333333333333,0.09999999999999998,0.19999999999999998,-0.25333333333333335,-0.15333333333333335,179.029,0.5967633333333333,0.98,0.42333333333333334,0.5736322222222222,0.51612,,,,,0.3888609402809491,0.4002863398403928,0.0,0.0,10.0
gaussian,oracle,50,0.3,0.99,3,0.9,0.25,0,300,-0.1439810681286675,0.04964624055642164,0.14128864372226885,0.02932214179507009,-0.01566338933071254,0.3644444444444444,0.09999999999999998,0.19999999999999998,-0.2644444444444444,-0.16444444444444442,174.82599999999996,0.5827533333333332,0.98,0.4066666666666667,0.5766288888888887,0.51612,,,,,0.3888609402809491,0.4002863398403928,0.0,0.0,10.0
gaussian,oracle,50,0.7,0.95,1,0.9,0.1,0,300,-0.03700494904553908,-0.10545454545454547,-0.04110909090909093,-0.06528089892468741,-0.06528089892468741,0.07333333333333333,0.09999999999999998,0.19999999999999998,0.026666666666666644,0.12666666666666665,67.151,0.22383666666666666,0.6633333333333333,0.05,0.33024666666666663,0.27092000000000005,,,,,0.15082943483849204,0.18091075617796593,0.0,0.0,10.0
gaussian,oracle,50,0.7,0.95,1,0.9,0.25,0,300,-0.14616058225998008,-0.28727272727272735,-0.062389090909090894,-0.1691187002540907,-0.1691187002540907,0.7,0.09999999999999998,0.19999999999999998,-0.6,-0.5,50.04299999999999,0.16680999999999999,0.6566666666666666,0.48,0.24939666666666668,0.27092000000000005,,,,,0.15082943483849204,0.18091075617796593,0.0,0.0,10.0
gaussian,oracle,50,0.7,0.95,3,0.9,0.1,0,300,0.04084978760092001,-0.018115942028985477,0.011391304347826037,0.06592827422455788,0.06404000717234648,0.10777777777777776,0.09999999999999998,0.19999999999999998,-0.007777777777777786,0.09222222222222222,104.494,0.3483133333333333,0.9833333333333333,0.09,0.33544999999999997,0.27092000000000005,,,,,0.15082943483849204,0.18091075617796593,0.0,0.0,10.0
gaussian,oracle,50,0.7,0.95,3,0.9,0.25,0,300,0.02606232999474281,0.013670703921333516,0.01802734140784268,0.05436984048965243,0.04602972536493677,0.10333333333333333,0.09999999999999998,0.19999999999999998,-0.003333333333333355,0.09666666666666665,101.43,0.3381,0.98,0.09333333333333334,0.3292988888888889,0.27092000000000005,,,,,0.15082943483849204,0.18091075617796593,0.0,0.0,10.0
gaussian,oracle,50,0.7,0.99,1,0.9,0.1,0,300,-0.03700494904553908,-0.10545454545454547,-0.04110909090909093,-0.065047968745028,-0.065047968745028,0.07333333333333333,0.09999999999999998,0.19999999999999998,0.026666666666666644,0.12666666666666665,67.151,0.22383666666666666,0.6633333333333333,0.05,0.3306666666666666,0.27092000000000005,,,,,0.15082943483849204,0.18091075617796593,0.0,0.0,10.0
gaussian,oracle,50,0.7,0.99,1,0.9,0.25,0,300,0.02208169351964591,0.021818181818181848,0.00842545454545457,0.0004978803604914206,0.0004978803604914206,0.08333333333333333,0.09999999999999998,0.19999999999999998,0.01666666666666665,0.11666666666666665,84.721,0.28240333333333334,0.74,0.056666666666666664,0.36888666666666664,0.27092000000000005,,,,,0.15082943483849204,0.18091075617796593,0.0,0.0,10.0
gaussian,oracle,50,0.7,0.99,3,0.9,0.1,0,300,0.014392154006262065,-0.02527075812274371,-0.023327578088212175,0.030055295904981072,0.02904513559319799,0.1522222222222222,0.09999999999999998,0.19999999999999998,-0.052222222222222225,0.04777777777777778,146.15999999999997,0.4871999999999999,0.9766666666666667,0.09,0.3757244444444444,0.27092000000000005,,,,,0.15082943483849204,0.18091075617796593,0.0,0.0,10.0
gaussian,oracle,50,0.7,0.99,3,0.9,0.25,0,300,-0.006589950242369136,-0.02564102564102566,0.02994831094831102,-0.0006215840838617592,-0.0038694861031111083,0.16,0.09999999999999998,0.19999999999999998,-0.060000000000000026,0.03999999999999998,144.58700000000002,0.4819566666666667,0.9766666666666667,0.10333333333333333,0.37544999999999995,0.27092000000000005,,,,,0.15082943483849204,0.18091075617796593,0.0,0.0,10.0
gaussian,mle,50,0.0,0.95,1,0.9,0.1,0,300,0.39973941398901214,0.6417742841100506,0.5330690623245368,0.8048392986312713,0.8048392986312713,0.056666666666666664,0.09999999999999998,0.19999999999999998,0.043333333333333314,0.1433333333333333,166.48400000000004,0.5549466666666668,0.74,0.016666666666666666,0.9289633333333336,0.7133999999999999,1.3994,0.8116800000000002,0.7287,0.832425,0.5941182998767679,0.5858511105622557,1.7,7.075,10.0
gaussian,mle,50,0.0,0.95,1,0.9,0.25,0,300,-0.06209961511338205,-0.01179112857944975,0.007266704098820909,0.0437490209349054,0.0437490209349054,0.71,0.09999999999999998,0.19999999999999998,-0.61,-0.51,226.818,0.7560600000000001,0.72,0.5933333333333334,1.1721300000000001,0.7133999999999999,1.4169799999999997,0.8141800000000002,0.7287,0.8355499999999999,0.5941182998767679,0.5858511105622557,21.3,2.175,10.0
gaussian,mle,50,0.0,0.95,3,0.9,0.1,0,300,0.0619645654290118,-0.03302689819543758,0.001704460333673774,0.09644234921713113,0.05168818382316642,0.16333333333333333,0.09999999999999998,0.19999999999999998,-0.06333333333333335,0.03666666666666665,151.54600000000005,0.5051533333333335,0.91,0.08666666666666667,1.2519044444444445,0.7133999999999999,1.32532,0.8103999999999999,0.6784,0.8434000000000001,0.5941182998767679,0.5858511105622557,14.7,18.825,10.0
gaussian,mle,50,0.0,0.95,3,0.9,0.25,0,300,0.14858010482953404,0.03615910004017675,0.07345781438328647,0.19645334141233517,0.19450802048791394,0.11444444444444443,0.09999999999999998,0.19999999999999998,-0.014444444444444454,0.08555555555555555,171.567,0.57189,0.9,0.06333333333333334,1.1331722222222225,0.7133999999999999,1.50744,0.90464,0.779,0.93605,0.5941182998767679,0.5858511105622557,10.3,19.925,10.0
gaussian,mle,50,0.0,0.99,1,0.9,0.1,0,300,0.39973941398901214,0.6417742841100506,0.5330690623245368,0.8048392986312713,0.8048392986312713,0.056666666666666664,0.09999999999999998,0.19999999999999998,0.043333333333333314,0.1433333333333333,166.48400000000004,0.5549466666666668,0.74,0.016666666666666666,0.9289633333333336,0.7133999999999999,1.3994,0.8116800000000002,0.7287,0.832425,0.5941182998767679,0.5858511105622557,1.7,7.075,10.0
gaussian,mle,50,0.0,0.99,1,0.9,0.25,0,300,0.39973941398901214,0.6417742841100506,0.5330690623245368,0.8048392986312713,0.8048392986312713,0.056666666666666664,0.09999999999999998,0.19999999999999998,0.043333333333333314,0.1433333333333333,166.48400000000004,0.5549466666666668,0.74,0.016666666666666666,0.9289633333333336,0.7133999999999999,1.3994,0.8116800000000002,0.7287,0.832425,0.5941182998767679,0.5858511105622557,1.7,7.075,10.0
gaussian,mle,50,0.0,0.99,3,0.9,0.1,0,300,0.029405759652803842,-0.023285405267845727,-0.0015445985494337844,0.0524551697047283,0.05801653068007018,0.15888888888888886,0.09999999999999998,0.19999999999999998,-0.05888888888888888,0.041111111111111126,155.80900000000003,0.5193633333333334,0.91,0.05333333333333334,1.276961111111111,0.7133999999999999,1.6230600000000002,1.0428199999999999,1.0175,1.04915,0.5941182998767679,0.5858511105622557,14.3,18.925,10.0
gaussian,mle,50,0.0,0.99,3,0.9,0.25,0,300,0.10631170173083243,-0.01090909090909098,0.001494545454545415,0.08560046493465989,0.10719089218216649,0.15777777777777777,0.09999999999999998,0.19999999999999998,-0.05777777777777779,0.04222222222222222,181.563,0.6052099999999999,0.91,0.06333333333333334,1.297203333333333,0.7133999999999999,1.5099200000000002,0.89704,0.7662000000000001,0.9297500000000001,0.5941182998767679,0.5858511105622557,14.2,18.95,10.0
gaussian,mle,50,0.3,0.95,1,0.9,0.1,0,300,0.07376796913341385,0.4045480067377878,0.28142307692307694,0.30549348802101123,0.30549348802101123,0.056666666666666664,0.09999999999999998,0.19999999999999998,0.043333333333333314,0.1433333333333333,97.53299999999999,0.32510999999999995,0.5233333333333333,0.006666666666666667,0.8345,0.51612,1.422,0.91848,0.9423000000000001,0.9125250000000001,0.3888609402809491,0.4002863398403928,1.7,7.075,10.0
gaussian,mle,50,0.3,0.95,1,0.9,0.25,0,300,0.03265108810287383,0.09713644020213363,0.06385401459854015,0.11918627203578391,0.11918627203578391,0.06666666666666667,0.09999999999999998,0.19999999999999998,0.03333333333333331,0.1333333333333333,80.49600000000001,0.26832000000000006,0.47333333333333333,0.006666666666666667,0.7920833333333335,0.51612,1.422,0.91848,0.9423000000000001,0.9125250000000001,0.3888609402809491,0.4002863398403928,2.0,7.0,10.0
gaussian,mle,50,0.3,0.95,3,0.9,0.1,0,300,0.03519110870311837,0.2592592592592593,0.24842222222222227,0.07937507243225506,0.057482905205314516,0.14555555555555555,0.09999999999999998,0.19999999999999998,-0.04555555555555557,0.054444444444444434,139.024,0.46341333333333334,0.8,0.06333333333333334,1.28912,0.51612,1.42452,0.9913200000000001,0.9672999999999998,0.997325,0.3888609402809491,0.4002863398403928,13.1,19.225,10.0
gaussian,mle,50,0.3,0.95,3,0.9,0.25,0,300,0.11948116583235968,0.39999999999999997,0.36833454545454547,0.1928172897744601,0.1944697117081473,0.14333333333333334,0.09999999999999998,0.19999999999999998,-0.04333333333333336,0.05666666666666664,144.084,0.48028,0.8066666666666666,0.05,1.290368888888889,0.51612,1.4032000000000002,0.9699999999999999,0.7852,1.0162,0.3888609402809491,0.4002863398403928,12.9,19.275,10.0
gaussian,mle,50,0.3,0.99,1,0.9,0.1,0,300,0.1597230161206318,0.5687815833801235,0.3927734418865806,0.379085946351928,0.379085946351928,0.056666666666666664,0.09999999999999998,0.19999999999999998,0.043333333333333314,0.1433333333333333,128.043,0.42681,0.6733333333333333,0.006666666666666667,0.8332433333333333,0.51612,1.422,0.91848,0.9423000000000001,0.9125250000000001,0.3888609402809491,0.4002863398403928,1.7,7.075,10.0
gaussian,mle,50,0.3,0.99,1,0.9,0.25,0,300,0.1518935743276317,0.5468837731611454,0.37815665356541267,0.3688854908816022,0.3688854908816022,0.06333333333333334,0.09999999999999998,0.19999999999999998,0.03666666666666664,0.13666666666666666,124.03799999999998,0.41345999999999994,0.6533333333333333,0.01,0.83953,0.51612,1.41572,0.9222400000000001,0.9423000000000001,0.917225,0.3888609402809491,0.4002863398403928,1.9,7.025,10.0
gaussian,mle,50,0.3,0.99,3,0.9,0.1,0,300,0.07195002673725154,0.3470149253731343,0.27999720149253726,0.08965132617337002,0.06371220709648995,0.15444444444444444,0.09999999999999998,0.19999999999999998,-0.05444444444444446,0.045555555555555544,141.433,0.4714433333333333,0.81,0.06,1.2802533333333335,0.51612,1.53132,1.0830399999999998,1.0741,1.085275,0.3888609402809491,0.4002863398403928,13.9,19.025,10.0
gaussian,mle,50,0.3,0.99,3,0.9,0.25,0,300,0.07239096358187946,0.3009874021109976,0.24001327885597556,0.09767837509348554,0.06821889997836506,0.15444444444444444,0.09999999999999998,0.19999999999999998,-0.05444444444444446,0.045555555555555544,140.22899999999998,0.46742999999999996,0.8133333333333334,0.07666666666666666,1.2542855555555554,0.51612,1.4496600000000004,1.0039,0.961,1.014625,0.3888609402809491,0.4002863398403928,13.9,19.025,10.0
gaussian,mle,50,0.7,0.95,1,0.9,0.1,0,300,0.05102044552194414,0.08197641774284115,0.05900673778775967,0.1065093521320365,0.1065093521320365,0.07333333333333333,0.09999999999999998,0.19999999999999998,0.026666666666666644,0.12666666666666665,130.06399999999996,0.4335466666666665,0.6133333333333333,0.0033333333333333335,0.9286366666666667,0.27092000000000005,1.41202,1.1411,1.2128999999999999,1.12315,0.15082943483849204,0.18091075617796593,2.2,6.95,10.0
gaussian,mle,50,0.7,0.95,1,0.9,0.25,0,300,0.045054398524086506,0.06372824256035936,0.04548483997754066,0.08864331378496626,0.08864331378496626,0.07333333333333333,0.09999999999999998,0.19999999999999998,0.026666666666666644,0.12666666666666665,126.35899999999998,0.4211966666666666,0.5966666666666667,0.0033333333333333335,0.9315733333333333,0.27092000000000005,1.4006999999999998,1.12978,1.2254,1.105875,0.15082943483849204,0.18091075617796593,2.2,6.95,10.0
gaussian,mle,50,0.7,0.95,3,0.9,0.1,0,300,-0.021577935868676207,-0.03801415037774314,-0.028294999400407722,0.011564017651909564,-0.03007850441826565,0.16333333333333333,0.09999999999999998,0.19999999999999998,-0.06333333333333335,0.03666666666666665,55.40799999999999,0.1846933333333333,0.6433333333333333,0.013333333333333334,1.2859944444444442,0.27092000000000005,1.59794,1.33706,1.3256999999999999,1.3399,0.15082943483849204,0.18091075617796593,14.7,18.825,10.0
gaussian,mle,50,0.7,0.95,3,0.9,0.25,0,300,-0.010771381740301761,-0.05818181818181822,-0.0029381818181817843,0.006557480598556487,0.018175664600707964,0.16333333333333333,0.09999999999999998,0.19999999999999998,-0.06333333333333335,0.03666666666666665,132.536,0.44178666666666666,0.7466666666666667,0.013333333333333334,1.3754266666666668,0.27092000000000005,1.68958,1.4261800000000002,1.2943000000000002,1.45915,0.15082943483849204,0.18091075617796593,14.7,18.825,10.0
gaussian,mle,50,0.7,0.99,1,0.9,0.1,0,300,0.018646492612169625,0.1476698483997754,0.06597754070746771,0.1358186597849149,0.1358186597849149,0.06,0.09999999999999998,0.19999999999999998,0.03999999999999998,0.13999999999999999,20.823999999999998,0.06941333333333333,0.17333333333333334,0.0033333333333333335,0.6891866666666666,0.27092000000000005,1.4521600000000001,1.18124,1.2316,1.16865,0.15082943483849204,0.18091075617796593,1.8,7.05,10.0
gaussian,mle,50,0.7,0.99,1,0.9,0.25,0,300,0.019833350098704836,0.15496911847276812,0.06725491297024144,0.12138530416230292,0.12138530416230292,0.07666666666666666,0.09999999999999998,0.19999999999999998,0.023333333333333317,0.12333333333333332,21.174,0.07058,0.18,0.0033333333333333335,0.7117666666666665,0.27092000000000005,1.44466,1.17374,1.2128999999999999,1.16395,0.15082943483849204,0.18091075617796593,2.3,6.925,10.0
gaussian,mle,50,0.7,0.99,3,0.9,0.1,0,300,-0.05218842435941734,-0.0714285714285714,-0.022625000000000006,0.0037477740182748076,-0.03510644047530276,0.15666666666666668,0.09999999999999998,0.19999999999999998,-0.0566666666666667,0.04333333333333331,134.69599999999997,0.4489866666666666,0.7566666666666667,0.013333333333333334,1.3823422222222224,0.27092000000000005,1.4558999999999997,1.20002,1.2191,1.1952500000000001,0.15082943483849204,0.18091075617796593,14.1,18.975,10.0
gaussian,mle,50,0.7,0.99,3,0.9,0.25,0,300,-0.08744683646331156,-0.10997304582210243,-0.06787547169811325,-0.008909370932155991,-0.09338266528113992,0.1611111111111111,0.09999999999999998,0.19999999999999998,-0.061111111111111116,0.03888888888888889,135.373,0.4512433333333333,0.76,0.013333333333333334,1.3687233333333333,0.27092000000000005,1.6997200000000001,1.43632,1.464,1.4294,0.15082943483849204,0.18091075617796593,14.5,18.875,10.0
zipfian,fixed,50,0.0,0.95,1,0.9,0.1,0,300,0.5032761554618456,0.6218181818181818,0.4663636363636363,0.7940452042069215,0.7940452042069215,0.08,0.09999999999999998,0.19999999999999998,0.019999999999999976,0.11999999999999998,137.25,0.4575,0.61,0.0033333333333333335,0.75,0.3353999999999999,,,,,0.08371949256448197,0.1005905383770542,0.0,0.0,10.0
zipfian,fixed,50,0.0,0.95,1,0.9,0.25,0,300,0.40816087729226697,0.46181818181818185,0.3463636363636364,0.6120287309607779,0.6120287309607779,0.10333333333333333,0.09999999999999998,0.19999999999999998,-0.003333333333333355,0.09666666666666665,113.25,0.3775,0.5033333333333333,0.006666666666666667,0.75,0.3353999999999999,,,,,0.08371949256448197,0.1005905383770542,0.0,0.0,10.0
zipfian,fixed,50,0.0,0.95,3,0.9,0.1,0,300,0.3117312191869258,0.46014492753623193,0.34510869565217395,0.10394209645311941,0.4379612671876155,0.1688888888888889,0.09999999999999998,0.19999999999999998,-0.06888888888888892,0.03111111111111109,151.5,0.505,0.6733333333333333,0.02,0.75,0.3353999999999999,,,,,0.08371949256448197,0.1005905383770542,0.0,0.0,10.0
zipfian,fixed,50,0.0,0.95,3,0.9,0.25,0,300,0.3522742056431286,0.427547363031234,0.32066052227342545,0.1019411488982212,0.44087120386736556,0.17333333333333334,0.09999999999999998,0.19999999999999998,-0.07333333333333336,0.026666666666666644,153.75,0.5125,0.6833333333333333,0.02,0.75,0.3353999999999999,,,,,0.08371949256448197,0.1005905383770542,0.0,0.0,10.0
zipfian,fixed,50,0.0,0.99,1,0.9,0.1,0,300,0.5032761554618456,0.6218181818181818,0.4663636363636363,0.7940452042069215,0.7940452042069215,0.08,0.09999999999999998,0.19999999999999998,0.019999999999999976,0.11999999999999998,137.25,0.4575,0.61,0.0033333333333333335,0.75,0.3353999999999999,,,,,0.08371949256448197,0.1005905383770542,0.0,0.0,10.0
zipfian,fixed,50,0.0,0.99,1,0.9,0.25,0,300,0.5032761554618456,0.6218181818181818,0.4663636363636363,0.7940452042069215,0.7940452042069215,0.08,0.09999999999999998,0.19999999999999998,0.019999999999999976,0.11999999999999998,137.25,0.4575,0.61,0.0033333333333333335,0.75,0.3353999999999999,,,,,0.08371949256448197,0.1005905383770542,0.0,0.0,10.0
zipfian,fixed,50,0.0,0.99,3,0.9,0.1,0,300,0.33388416999045467,0.427547363031234,0.32066052227342545,0.09646691829432824,0.42299173793449363,0.16555555555555557,0.09999999999999998,0.19999999999999998,-0.06555555555555559,0.034444444444444416,153.75,0.5125,0.6833333333333333,0.02,0.75,0.3353999999999999,,,,,0.08371949256448197,0.1005905383770542,0.0,0.0,10.0
zipfian,fixed,50,0.0,0.99,3,0.9,0.25,0,300,0.31113513869651477,0.46014492753623193,0.34510869565217395,0.10360464257541907,0.4373651866972045,0.1711111111111111,0.09999999999999998,0.19999999999999998,-0.07111111111111112,0.02888888888888888,151.5,0.505,0.6733333333333333,0.02,0.75,0.3353999999999999,,,,,0.08371949256448197,0.1005905383770542,0.0,0.0,10.0
zipfian,fixed,50,0.3,0.95,1,0.9,0.1,0,300,0.4046584668823859,0.6581818181818182,0.49363636363636365,0.5231607327342052,0.5231607327342052,0.08,0.09999999999999998,0.19999999999999998,0.019999999999999976,0.11999999999999998,135.75,0.4525,0.6033333333333334,0.0,0.75,0.25623999999999997,,,,,0.06283405220701195,0.09049623481161133,0.0,0.0,10.0
zipfian,fixed,50,0.3,0.95,1,0.9,0.25,0,300,0.31711014404365284,0.49454545454545457,0.37090909090909085,0.37621415559862986,0.37621415559862986,0.11333333333333333,0.09999999999999998,0.19999999999999998,-0.01333333333333335,0.08666666666666666,111.0,0.37,0.49333333333333335,0.0033333333333333335,0.75,0.25623999999999997,,,,,0.06283405220701195,0.09049623481161133,0.0,0.0,10.0
zipfian,fixed,50,0.3,0.95,3,0.9,0.1,0,300,0.32571896621722674,0.49818840579710144,0.37364130434782605,0.08517098448257121,0.4129599715913106,0.1688888888888889,0.09999999999999998,0.19999999999999998,-0.06888888888888892,0.03111111111111109,150.0,0.5,0.6666666666666666,0.016666666666666666,0.75,0.25623999999999997,,,,,0.06283405220701195,0.09049623481161133,0.0,0.0,10.0
zipfian,fixed,50,0.3,0.95,3,0.9,0.25,0,300,0.3508901041122884,0.5192012288786483,0.38940092165898615,0.07512471204950039,0.4383973613178811,0.16777777777777778,0.09999999999999998,0.19999999999999998,-0.0677777777777778,0.03222222222222221,151.5,0.505,0.6733333333333333,0.013333333333333334,0.75,0.25623999999999997,,,,,0.06283405220701195,0.09049623481161133,0.0,0.0,10.0
zipfian,fixed,50,0.3,0.99,1,0.9,0.1,0,300,0.4046584668823859,0.6581818181818182,0.49363636363636365,0.5231607327342052,0.5231607327342052,0.08,0.09999999999999998,0.19999999999999998,0.019999999999999976,0.11999999999999998,135.75,0.4525,0.6033333333333334,0.0,0.75,0.25623999999999997,,,,,0.06283405220701195,0.09049623481161133,0.0,0.0,10.0
zipfian,fixed,50,0.3,0.99,1,0.9,0.25,0,300,0.4046584668823859,0.6581818181818182,0.49363636363636365,0.5231607327342052,0.5231607327342052,0.08,0.09999999999999998,0.19999999999999998,0.019999999999999976,0.11999999999999998,135.75,0.4525,0.6033333333333334,0.0,0.75,0.25623999999999997,,,,,0.06283405220701195,0.09049623481161133,0.0,0.0,10.0
zipfian,fixed,50,0.3,0.99,3,0.9,0.1,0,300,0.3432038479787088,0.47158218125960066,0.3536866359447004,0.07411531545117961,0.41515682004964916,0.16555555555555557,0.09999999999999998,0.19999999999999998,-0.06555555555555559,0.034444444444444416,152.25,0.5075,0.6766666666666666,0.016666666666666666,0.75,0.25623999999999997,,,,,0.06283405220701195,0.09049623481161133,0.0,0.0,10.0
zipfian,fixed,50,0.3,0.99,3,0.9,0.25,0,300,0.3162821755998003,0.4736103312745648,0.3552077484559237,0.08188159745783391,0.3803370610431107,0.16555555555555554,0.09999999999999998,0.19999999999999998,-0.06555555555555556,0.034444444444444444,149.25,0.4975,0.6633333333333333,0.02,0.75,0.25623999999999997,,,,,0.06283405220701195,0.09049623481161133,0.0,0.0,10.0
zipfian,fixed,50,0.7,0.95,1,0.9,0.1,0,300,0.21582555237406773,0.21454545454545454,0.1609090909090909,0.15558698552404893,0.15558698552404893,0.08,0.09999999999999998,0.19999999999999998,0.019999999999999976,0.11999999999999998,143.25,0.4775,0.6366666666666667,0.0,0.75,0.17204,,,,,0.04197064639802613,0.07843577521514918,0.0,0.0,10.0
zipfian,fixed,50,0.7,0.95,1,0.9,0.25,0,300,0.1783602268255097,0.13090909090909086,0.0981818181818182,0.09076591494615138,0.09076591494615138,0.11333333333333333,0.09999999999999998,0.19999999999999998,-0.01333333333333335,0.08666666666666666,117.0,0.39,0.52,0.0,0.75,0.17204,,,,,0.04197064639802613,0.07843577521514918,0.0,0.0,10.0
zipfian,fixed,50,0.7,0.95,3,0.9,0.1,0,300,0.24724524522565544,0.4679979518689196,0.35099846390168965,0.040121046921487435,0.2600870312258319,0.16555555555555557,0.09999999999999998,0.19999999999999998,-0.06555555555555559,0.034444444444444416,151.5,0.505,0.6733333333333333,0.0,0.75,0.17204,,,,,0.04197064639802613,0.07843577521514918,0.0,0.0,10.0
zipfian,fixed,50,0.7,0.95,3,0.9,0.25,0,300,0.24724524522565544,0.4679979518689196,0.35099846390168965,0.040121046921487435,0.2600870312258319,0.16555555555555557,0.09999999999999998,0.19999999999999998,-0.06555555555555559,0.034444444444444416,151.5,0.505,0.6733333333333333,0.0,0.75,0.17204,,,,,0.04197064639802613,0.07843577521514918,0.0,0.0,10.0
zipfian,fixed,50,0.7,0.99,1,0.9,0.1,0,300,0.21582555237406773,0.21454545454545454,0.1609090909090909,0.15558698552404893,0.15558698552404893,0.08,0.09999999999999998,0.19999999999999998,0.019999999999999976,0.11999999999999998,143.25,0.4775,0.6366666666666667,0.0,0.75,0.17204,,,,,0.04197064639802613,0.07843577521514918,0.0,0.0,10.0
zipfian,fixed,50,0.7,0.99,1,0.9,0.25,0,300,0.21582555237406773,0.21454545454545454,0.1609090909090909,0.15558698552404893,0.15558698552404893,0.08,0.09999999999999998,0.19999999999999998,0.019999999999999976,0.11999999999999998,143.25,0.4775,0.6366666666666667,0.0,0.75,0.17204,,,,,0.04197064639802613,0.07843577521514918,0.0,0.0,10.0
zipfian,fixed,50,0.7,0.99,3,0.9,0.1,0,300,0.24724524522565544,0.4679979518689196,0.35099846390168965,0.040121046921487435,0.2600870312258319,0.16555555555555557,0.09999999999999998,0.19999999999999998,-0.06555555555555559,0.034444444444444416,151.5,0.505,0.6733333333333333,0.0,0.75,0.17204,,,,,0.04197064639802613,0.07843577521514918,0.0,0.0,10.0
zipfian,fixed,50,0.7,0.99,3,0.9,0.25,0,300,0.24724524522565544,0.4679979518689196,0.35099846390168965,0.040121046921487435,0.2600870312258319,0.16555555555555557,0.09999999999999998,0.19999999999999998,-0.06555555555555559,0.034444444444444416,151.5,0.505,0.6733333333333333,0.0,0.75,0.17204,,,,,0.04197064639802613,0.07843577521514918,0.0,0.0,10.0
zipfian,oracle,50,0.0,0.95,1,0.9,0.1,0,300,0.03267557788016071,0.24727272727272726,0.0712,0.06390374651728947,0.06390374651728947,0.08,0.09999999999999998,0.19999999999999998,0.019999999999999976,0.11999999999999998,47.74399999999999,0.15914666666666663,0.5466666666666666,0.006666666666666667,0.32711999999999997,0.3353999999999999,,,,,0.08371949256448197,0.1005905383770542,0.0,0.0,10.0
zipfian,oracle,50,0.0,0.95,1,0.9,0.25,0,300,0.07375609252966144,0.4763636363636363,0.30274181818181817,0.22881430842627254,0.22881430842627254,0.08,0.09999999999999998,0.19999999999999998,0.019999999999999976,0.11999999999999998,94.71400000000001,0.3157133333333334,0.5966666666666667,0.006666666666666667,0.5190900000000002,0.3353999999999999,,,,,0.08371949256448197,0.1005905383770542,0.0,0.0,10.0
zipfian,oracle,50,0.0,0.95,3,0.9,0.1,0,300,-0.020172116993762174,-0.05811341942728809,0.38933323975294776,0.09540701670380825,0.41213158645899617,0.16555555555555554,0.09999999999999998,0.19999999999999998,-0.06555555555555556,0.034444444444444444,234.385,0.7812833333333333,0.87,0.03666666666666667,0.5414244444444446,0.3353999999999999,,,,,0.08371949256448197,0.1005905383770542,0.0,0.0,10.0
zipfian,oracle,50,0.0,0.95,3,0.9,0.25,0,300,-0.017956815084703592,-0.0892857142857143,0.38225472689075624,0.10386408531406083,0.4435145337676757,0.17333333333333334,0.09999999999999998,0.19999999999999998,-0.07333333333333336,0.026666666666666644,236.284,0.7876133333333333,0.8833333333333333,0.03333333333333333,0.54143,0.3353999999999999,,,,,0.08371949256448197,0.1005905383770542,0.0,0.0,10.0
zipfian,oracle,50,0.0,0.99,1,0.9,0.1,0,300,0.1629323977055559,0.6218181818181818,0.7771709090909091,0.7940452042069215,0.7940452042069215,0.08,0.09999999999999998,0.19999999999999998,0.019999999999999976,0.11999999999999998,223.826,0.7460866666666667,0.69,0.006666666666666667,0.9553666666666667,0.3353999999999999,,,,,0.08371949256448197,0.1005905383770542,0.0,0.0,10.0
zipfian,oracle,50,0.0,0.99,1,0.9,0.25,0,300,0.1629323977055559,0.6218181818181818,0.7771709090909091,0.7940452042069215,0.7940452042069215,0.08,0.09999999999999998,0.19999999999999998,0.019999999999999976,0.11999999999999998,223.826,0.7460866666666667,0.69,0.006666666666666667,0.9553666666666667,0.3353999999999999,,,,,0.08371949256448197,0.1005905383770542,0.0,0.0,10.0
zipfian,oracle,50,0.0,0.99,3,0.9,0.1,0,300,0.004677070613241602,0.017409114183307817,0.4096497695852535,0.09646691829432824,0.42299173793449363,0.16555555555555557,0.09999999999999998,0.19999999999999998,-0.06555555555555559,0.034444444444444416,237.578,0.7919266666666667,0.8733333333333333,0.023333333333333334,0.5611788888888889,0.3353999999999999,,,,,0.08371949256448197,0.1005905383770542,0.0,0.0,10.0
zipfian,oracle,50,0.0,0.99,3,0.9,0.25,0,300,0.004677070613241602,0.017409114183307817,0.4096497695852535,0.09559821358958492,0.42299173793449363,0.16777777777777778,0.09999999999999998,0.19999999999999998,-0.0677777777777778,0.03222222222222221,237.578,0.7919266666666667,0.8733333333333333,0.023333333333333334,0.5639711111111112,0.3353999999999999,,,,,0.08371949256448197,0.1005905383770542,0.0,0.0,10.0
zipfian,oracle,50,0.3,0.95,1,0.9,0.1,0,300,0.0316738933030647,0.12,0.06966181818181819,0.04708597617847321,0.04708597617847321,0.08333333333333333,0.09999999999999998,0.19999999999999998,0.01666666666666665,0.11666666666666665,58.781,0.19593666666666668,0.59,0.006666666666666667,0.3349866666666666,0.25623999999999997,,,,,0.06283405220701195,0.09049623481161133,0.0,0.0,10.0
zipfian,oracle,50,0.3,0.95,1,0.9,0.25,0,300,0.1205992591908527,0.4363636363636364,0.5801054545454547,0.42068900208404136,0.42068900208404136,0.09666666666666666,0.09999999999999998,0.19999999999999998,0.003333333333333313,0.10333333333333332,169.177,0.5639233333333333,0.64,0.006666666666666667,0.7375733333333334,0.25623999999999997,,,,,0.06283405220701195,0.09049623481161133,0.0,0.0,10.0
zipfian,oracle,50,0.3,0.95,3,0.9,0.1,0,300,0.01017349789415159,-0.08363636363636362,0.3712945454545455,0.06516989488035224,0.3914675289344566,0.17222222222222222,0.09999999999999998,0.19999999999999998,-0.07222222222222224,0.027777777777777762,205.51000000000005,0.6850333333333335,0.8833333333333333,0.043333333333333335,0.4527733333333333,0.25623999999999997,,,,,0.06283405220701195,0.09049623481161133,0.0,0.0,10.0
zipfian,oracle,50,0.3,0.95,3,0.9,0.25,0,300,-0.011062501844570721,0.02245929253228529,0.43711791128579447,0.07234566848836804,0.430895469570197,0.15555555555555556,0.09999999999999998,0.19999999999999998,-0.05555555555555558,0.044444444444444425,194.828,0.6494266666666667,0.8666666666666667,0.04,0.4478111111111112,0.25623999999999997,,,,,0.06283405220701195,0.09049623481161133,0.0,0.0,10.0
zipfian,oracle,50,0.3,0.99,1,0.9,0.1,0,300,0.14509700741255835,0.5854545454545454,0.7068181818181818,0.5231607327342052,0.5231607327342052,0.08,0.09999999999999998,0.19999999999999998,0.019999999999999976,0.11999999999999998,201.31099999999998,0.6710366666666666,0.6966666666666667,0.006666666666666667,0.8407933333333334,0.25623999999999997,,,,,0.06283405220701195,0.09049623481161133,0.0,0.0,10.0
zipfian,oracle,50,0.3,0.99,1,0.9,0.25,0,300,0.14509700741255835,0.5854545454545454,0.7068181818181818,0.5231607327342052,0.5231607327342052,0.08,0.09999999999999998,0.19999999999999998,0.019999999999999976,0.11999999999999998,201.31099999999998,0.6710366666666666,0.6966666666666667,0.006666666666666667,0.8407933333333334,0.25623999999999997,,,,,0.06283405220701195,0.09049623481161133,0.0,0.0,10.0
zipfian,oracle,50,0.3,0.99,3,0.9,0.1,0,300,0.009780366170058008,-0.02304147465437789,0.41679416282642096,0.07411531545117961,0.41515682004964916,0.16555555555555557,0.09999999999999998,0.19999999999999998,-0.06555555555555559,0.034444444444444416,205.257,0.68419,0.8833333333333333,0.03666666666666667,0.46645111111111115,0.25623999999999997,,,,,0.06283405220701195,0.09049623481161133,0.0,0.0,10.0
zipfian,oracle,50,0.3,0.99,3,0.9,0.25,0,300,0.019414494600027615,-0.08363636363636362,0.35030909090909096,0.07902394660945639,0.3905970736521437,0.1711111111111111,0.09999999999999998,0.19999999999999998,-0.07111111111111112,0.02888888888888888,205.00700000000003,0.6833566666666667,0.8833333333333333,0.043333333333333335,0.45416666666666666,0.25623999999999997,,,,,0.06283405220701195,0.09049623481161133,0.0,0.0,10.0
zipfian,oracle,50,0.7,0.95,1,0.9,0.1,0,300,0.008901696610764329,0.043636363636363695,0.020647272727272736,0.013436261165977653,0.013436261165977653,0.08333333333333333,0.09999999999999998,0.19999999999999998,0.01666666666666665,0.11666666666666665,35.449999999999996,0.11816666666666666,0.52,0.01,0.2162233333333333,0.17204,,,,,0.04197064639802613,0.07843577521514918,0.0,0.0,10.0
zipfian,oracle,50,0.7,0.95,1,0.9,0.25,0,300,0.1169393676872358,0.48727272727272725,0.4512872727272727,0.10977840197201627,0.10977840197201627,0.10333333333333333,0.09999999999999998,0.19999999999999998,-0.003333333333333355,0.09666666666666665,141.43200000000002,0.4714400000000001,0.6466666666666666,0.016666666666666666,0.5833633333333335,0.17204,,,,,0.04197064639802613,0.07843577521514918,0.0,0.0,10.0
zipfian,oracle,50,0.7,0.95,3,0.9,0.1,0,300,0.019747731920906453,-0.06707629288274441,0.4016523297491039,0.04069849342235127,0.2600870312258319,0.16333333333333333,0.09999999999999998,0.19999999999999998,-0.06333333333333335,0.03666666666666665,169.46100000000004,0.5648700000000001,0.89,0.05,0.3449344444444444,0.17204,,,,,0.04197064639802613,0.07843577521514918,0.0,0.0,10.0
zipfian,oracle,50,0.7,0.95,3,0.9,0.25,0,300,0.016913675009660845,-0.019457245263696854,0.4428904249871992,0.04019974741774407,0.2600870312258319,0.16444444444444445,0.09999999999999998,0.19999999999999998,-0.06444444444444447,0.035555555555555535,168.59500000000003,0.5619833333333334,0.8866666666666667,0.05333333333333334,0.3449344444444444,0.17204,,,,,0.04197064639802613,0.07843577521514918,0.0,0.0,10.0
zipfian,oracle,50,0.7,0.99,1,0.9,0.1,0,300,0.14159665195527327,0.5490909090909091,0.5203672727272728,0.15558698552404893,0.15558698552404893,0.08,0.09999999999999998,0.19999999999999998,0.019999999999999976,0.11999999999999998,169.46500000000003,0.5648833333333334,0.7033333333333334,0.01,0.6766766666666668,0.17204,,,,,0.04197064639802613,0.07843577521514918,0.0,0.0,10.0
zipfian,oracle,50,0.7,0.99,1,0.9,0.25,0,300,0.14159665195527327,0.5490909090909091,0.5203672727272728,0.15558698552404893,0.15558698552404893,0.08,0.09999999999999998,0.19999999999999998,0.019999999999999976,0.11999999999999998,169.46500000000003,0.5648833333333334,0.7033333333333334,0.01,0.6766766666666668,0.17204,,,,,0.04197064639802613,0.07843577521514918,0.0,0.0,10.0
zipfian,oracle,50,0.7,0.99,3,0.9,0.1,0,300,0.01275476434300532,-0.06707629288274441,0.39595340501792115,0.040121046921487435,0.2600870312258319,0.16555555555555557,0.09999999999999998,0.19999999999999998,-0.06555555555555559,0.034444444444444416,168.77100000000002,0.56257,0.89,0.05333333333333334,0.3445866666666666,0.17204,,,,,0.04197064639802613,0.07843577521514918,0.0,0.0,10.0
zipfian,oracle,50,0.7,0.99,3,0.9,0.25,0,300,0.038128937817268005,0.01852142520797362,0.46149223041908655,0.04708012633952591,0.2573002804512824,0.14,0.09999999999999998,0.19999999999999998,-0.040000000000000036,0.05999999999999997,171.22900000000004,0.5707633333333335,0.8866666666666667,0.05,0.3378822222222222,0.17204,,,,,0.04197064639802613,0.07843577521514918,0.0,0.0,10.0
zipfian,mle,50,0.0,0.95,1,0.9,0.1,0,300,0.34609653282067443,0.5398652442448062,0.42494834362717576,0.6444854176879138,0.6444854176879138,0.07666666666666666,0.09999999999999998,0.19999999999999998,0.023333333333333317,0.12333333333333332,123.38199999999998,0.41127333333333327,0.57,0.013333333333333334,0.9313600000000001,0.3353999999999999,1.4408800000000002,1.1658,0.6028,1.30655,0.08371949256448197,0.1005905383770542,2.3,6.925,10.0
zipfian,mle,50,0.0,0.95,1,0.9,0.25,0,300,0.3302282127812098,0.5216170690623245,0.4114264458169568,0.6184956087643461,0.6184956087643461,0.08333333333333333,0.09999999999999998,0.19999999999999998,0.01666666666666665,0.11666666666666665,119.67699999999998,0.39892333333333324,0.5533333333333333,0.013333333333333334,0.9366000000000001,0.3353999999999999,1.45594,1.1808599999999998,0.5839000000000001,1.3301000000000003,0.08371949256448197,0.1005905383770542,2.5,6.875,10.0
zipfian,mle,50,0.0,0.95,3,0.9,0.1,0,300,0.2030263786137107,0.45940760283007553,0.6051758004556902,0.11116581114630325,0.5333867565949545,0.16777777777777778,0.09999999999999998,0.19999999999999998,-0.0677777777777778,0.03222222222222221,194.031,0.6467700000000001,0.67,0.01,1.4567700000000001,0.3353999999999999,1.6833800000000003,1.3957400000000002,1.0112,1.491875,0.08371949256448197,0.1005905383770542,15.1,18.725,10.0
zipfian,mle,50,0.0,0.95,3,0.9,0.25,0,300,0.2744264889330539,0.5015905331467108,0.646487466598804,0.11944569574762365,0.5356818688890943,0.1622222222222222,0.09999999999999998,0.19999999999999998,-0.062222222222222234,0.03777777777777777,191.305,0.6376833333333334,0.66,0.006666666666666667,1.4661844444444443,0.3353999999999999,1.7336600000000002,1.4183399999999997,0.9799000000000001,1.52795,0.08371949256448197,0.1005905383770542,14.6,18.85,10.0
zipfian,mle,50,0.0,0.99,1,0.9,0.1,0,300,0.34609653282067443,0.5398652442448062,0.42494834362717576,0.6533987956011797,0.6533987956011797,0.10333333333333333,0.09999999999999998,0.19999999999999998,-0.003333333333333355,0.09666666666666665,123.38199999999998,0.41127333333333327,0.57,0.013333333333333334,0.9248766666666666,0.3353999999999999,1.4710000000000003,1.19592,0.5839000000000001,1.348925,0.08371949256448197,0.1005905383770542,3.1,6.725,10.0
zipfian,mle,50,0.0,0.99,1,0.9,0.25,0,300,0.3302282127812098,0.5216170690623245,0.4114264458169568,0.627055120326608,0.627055120326608,0.08333333333333333,0.09999999999999998,0.19999999999999998,0.01666666666666665,0.11666666666666665,119.67699999999998,0.39892333333333324,0.5533333333333333,0.013333333333333334,0.9267566666666665,0.3353999999999999,1.43584,1.16076,0.5839000000000001,1.304975,0.08371949256448197,0.1005905383770542,2.5,6.875,10.0
zipfian,mle,50,0.0,0.99,3,0.9,0.1,0,300,0.27748827617714317,0.48791283622744297,0.615187265917603,0.1469212458596454,0.6095669055219946,0.16,0.09999999999999998,0.19999999999999998,-0.060000000000000026,0.03999999999999998,196.45500000000004,0.6548500000000002,0.6766666666666666,0.013333333333333334,1.4438544444444443,0.3353999999999999,1.8856600000000001,1.5578199999999998,1.0050000000000001,1.6960250000000001,0.08371949256448197,0.1005905383770542,14.4,18.9,10.0
zipfian,mle,50,0.0,0.99,3,0.9,0.25,0,300,0.2733726237861359,0.48791283622744297,0.6361266598569969,0.14279244489136816,0.6018952043921876,0.16,0.09999999999999998,0.19999999999999998,-0.060000000000000026,0.03999999999999998,195.76400000000004,0.6525466666666668,0.6766666666666666,0.01,1.4570455555555555,0.3353999999999999,1.7022,1.4221199999999998,0.9547000000000001,1.538975,0.08371949256448197,0.1005905383770542,14.4,18.9,10.0
zipfian,mle,50,0.3,0.95,1,0.9,0.1,0,300,0.30225778026771755,0.5398652442448062,0.42494834362717576,0.48930300424516304,0.48930300424516304,0.07666666666666666,0.09999999999999998,0.19999999999999998,0.023333333333333317,0.12333333333333332,123.38199999999998,0.41127333333333327,0.57,0.013333333333333334,0.9313600000000001,0.25623999999999997,1.4408800000000002,1.21732,0.7787,1.326975,0.06283405220701195,0.09049623481161133,2.3,6.925,10.0
zipfian,mle,50,0.3,0.95,1,0.9,0.25,0,300,0.2891266865056252,0.5216170690623245,0.4114264458169568,0.4659732603915968,0.4659732603915968,0.08333333333333333,0.09999999999999998,0.19999999999999998,0.01666666666666665,0.11666666666666665,119.67699999999998,0.39892333333333324,0.5533333333333333,0.013333333333333334,0.9366000000000001,0.25623999999999997,1.45594,1.23238,0.7598,1.350525,0.06283405220701195,0.09049623481161133,2.5,6.875,10.0
zipfian,mle,50,0.3,0.95,3,0.9,0.1,0,300,0.16623451250544197,0.5264420194267898,0.6498829595874804,0.07948184558505383,0.44660656341884764,0.1622222222222222,0.09999999999999998,0.19999999999999998,-0.062222222222222234,0.03777777777777777,185.75400000000002,0.6191800000000001,0.6333333333333333,0.006666666666666667,1.4630477777777777,0.25623999999999997,1.6632600000000002,1.4397400000000002,1.1560000000000001,1.510675,0.06283405220701195,0.09049623481161133,14.6,18.85,10.0
zipfian,mle,50,0.3,0.95,3,0.9,0.25,0,300,0.18098825789547474,0.5176231072655554,0.6500898333121261,0.08115602494099322,0.4510440836984093,0.17,0.09999999999999998,0.19999999999999998,-0.07000000000000003,0.02999999999999997,187.86400000000003,0.6262133333333334,0.64,0.006666666666666667,1.4724000000000002,0.25623999999999997,1.7134599999999998,1.4647800000000002,1.0992,1.556175,0.06283405220701195,0.09049623481161133,15.3,18.675,10.0
zipfian,mle,50,0.3,0.99,1,0.9,0.1,0,300,0.30225778026771755,0.5398652442448062,0.42494834362717576,0.49541280582334474,0.49541280582334474,0.10333333333333333,0.09999999999999998,0.19999999999999998,-0.003333333333333355,0.09666666666666665,123.38199999999998,0.41127333333333327,0.57,0.013333333333333334,0.9248766666666666,0.25623999999999997,1.4710000000000003,1.24744,0.7598,1.36935,0.06283405220701195,0.09049623481161133,3.1,6.725,10.0
zipfian,mle,50,0.3,0.99,1,0.9,0.25,0,300,0.2891266865056252,0.5216170690623245,0.4114264458169568,0.4714605706428822,0.4714605706428822,0.08333333333333333,0.09999999999999998,0.19999999999999998,0.01666666666666665,0.11666666666666665,119.67699999999998,0.39892333333333324,0.5533333333333333,0.013333333333333334,0.9267566666666665,0.25623999999999997,1.43584,1.21228,0.7598,1.3254000000000001,0.06283405220701195,0.09049623481161133,2.5,6.875,10.0
zipfian,mle,50,0.3,0.99,3,0.9,0.1,0,300,0.17785083909099192,0.5223016683690842,0.6656629213483146,0.10287051279242848,0.5351787604806861,0.1622222222222222,0.09999999999999998,0.19999999999999998,-0.062222222222222234,0.03777777777777777,189.03199999999998,0.6301066666666666,0.6466666666666666,0.006666666666666667,1.4568355555555554,0.25623999999999997,1.6833600000000002,1.4548,1.0301,1.5609750000000002,0.06283405220701195,0.09049623481161133,14.6,18.85,10.0
zipfian,mle,50,0.3,0.99,3,0.9,0.25,0,300,0.17785083909099192,0.5223016683690842,0.6656629213483146,0.10291049252311496,0.5351787604806861,0.1611111111111111,0.09999999999999998,0.19999999999999998,-0.061111111111111116,0.03888888888888889,189.03199999999998,0.6301066666666666,0.6466666666666666,0.006666666666666667,1.4568377777777777,0.25623999999999997,1.62052,1.3970000000000002,1.0427000000000002,1.485575,0.06283405220701195,0.09049623481161133,14.5,18.875,10.0
zipfian,mle,50,0.7,0.95,1,0.9,0.1,0,300,0.23093738600931285,0.34755755193711396,0.2631021897810219,0.27757306874521676,0.27757306874521676,0.07666666666666666,0.09999999999999998,0.19999999999999998,0.023333333333333317,0.12333333333333332,127.58999999999997,0.4252999999999999,0.5866666666666667,0.01,0.9313600000000001,0.17204,1.4408800000000002,1.2763600000000002,1.0425,1.334825,0.04197064639802613,0.07843577521514918,2.3,6.925,10.0
zipfian,mle,50,0.7,0.95,1,0.9,0.25,0,300,0.22145592728371674,0.3293093767546323,0.24958029197080295,0.2577900783183192,0.2577900783183192,0.08333333333333333,0.09999999999999998,0.19999999999999998,0.01666666666666665,0.11666666666666665,123.88499999999998,0.41294999999999993,0.57,0.01,0.9366000000000001,0.17204,1.45594,1.29142,1.0236,1.358375,0.04197064639802613,0.07843577521514918,2.5,6.875,10.0
zipfian,mle,50,0.7,0.95,3,0.9,0.1,0,300,0.1674879588285502,0.02653693056169837,0.045458204334365315,0.007454768751224028,0.14361911235922442,0.1611111111111111,0.09999999999999998,0.19999999999999998,-0.061111111111111116,0.03888888888888889,135.286,0.4509533333333333,0.7,0.0033333333333333335,1.3759877777777778,0.17204,1.7248600000000003,1.56286,1.6018000000000001,1.553125,0.04197064639802613,0.07843577521514918,14.5,18.875,10.0
zipfian,mle,50,0.7,0.95,3,0.9,0.25,0,300,0.20728779052027135,0.13462272553760024,0.127395088433643,0.02865180760537056,0.2171847781064118,0.1611111111111111,0.09999999999999998,0.19999999999999998,-0.061111111111111116,0.03888888888888889,129.862,0.43287333333333333,0.6733333333333333,0.0033333333333333335,1.3937844444444443,0.17204,1.6783000000000001,1.5163000000000002,1.3503999999999998,1.5577750000000001,0.04197064639802613,0.07843577521514918,14.5,18.875,10.0
zipfian,mle,50,0.7,0.99,1,0.9,0.1,0,300,0.23093738600931285,0.34755755193711396,0.2631021897810219,0.2791973375291494,0.2791973375291494,0.09666666666666666,0.09999999999999998,0.19999999999999998,0.003333333333333313,0.10333333333333332,127.58999999999997,0.4252999999999999,0.5866666666666667,0.01,0.9227833333333333,0.17204,1.4672399999999999,1.3027199999999999,1.0236,1.3725,0.04197064639802613,0.07843577521514918,2.9,6.775,10.0
zipfian,mle,50,0.7,0.99,1,0.9,0.25,0,300,0.22145592728371674,0.3293093767546323,0.24958029197080295,0.25931010966660756,0.25931010966660756,0.08333333333333333,0.09999999999999998,0.19999999999999998,0.01666666666666665,0.11666666666666665,123.88499999999998,0.41294999999999993,0.57,0.01,0.9273833333333332,0.17204,1.4521800000000002,1.2876599999999998,1.0236,1.3536750000000002,0.04197064639802613,0.07843577521514918,2.5,6.875,10.0
zipfian,mle,50,0.7,0.99,3,0.9,0.1,0,300,0.23281436860831986,0.13210759278175,0.11856656452162073,0.04784784069778236,0.2308024775169254,0.16,0.09999999999999998,0.19999999999999998,-0.060000000000000026,0.03999999999999998,133.93,0.44643333333333335,0.6933333333333334,0.0033333333333333335,1.385338888888889,0.17204,1.6745800000000002,1.51258,1.3252000000000002,1.559425,0.04197064639802613,0.07843577521514918,14.4,18.9,10.0
zipfian,mle,50,0.7,0.99,3,0.9,0.25,0,300,0.2397823635144269,0.13423180592991912,0.11702641509433964,0.04738723767370712,0.22929302018774234,0.1622222222222222,0.09999999999999998,0.19999999999999998,-0.062222222222222234,0.03777777777777777,133.25199999999998,0.44417333333333325,0.69,0.0033333333333333335,1.38562,0.17204,1.6469200000000004,1.4849199999999998,1.4509,1.4934249999999998,0.04197064639802613,0.07843577521514918,14.6,18.85,10.0
