preference_model,pricing_model,n_items,gamma,delta,K,alpha,lambda_,total_revenue,avg_revenue_per_user,utility_gap,revenue_gap,exposure_gap,exposure_random_gap,minority_exposure,price_error_minority,price_error_all
gaussian,fixed,50,0.0,0.95,1,0.9,0.1,162.75,0.5425,-0.13262264299748983,-0.1936363636363636,0.026666666666666644,0.12666666666666665,0.07333333333333333,,
gaussian,fixed,50,0.0,0.95,1,0.9,0.25,163.5,0.545,-0.1301497479116027,-0.19090909090909092,0.023333333333333317,0.12333333333333332,0.07666666666666666,,
gaussian,fixed,50,0.0,0.95,3,0.9,0.1,216.0,0.72,0.3432675297371229,0.1440904096688117,-0.05777777777777782,0.04222222222222219,0.1577777777777778,,
gaussian,fixed,50,0.0,0.95,3,0.9,0.25,216.75,0.7225,0.2834285288918916,0.10597826086956519,-0.02888888888888891,0.0711111111111111,0.1288888888888889,,
gaussian,fixed,50,0.0,0.95,5,0.9,0.1,225.0,0.75,0.19177744453652812,0.0,-0.07933333333333334,0.020666666666666667,0.17933333333333332,,
gaussian,fixed,50,0.0,0.95,5,0.9,0.25,225.0,0.75,0.09333475744897968,0.0,-0.15133333333333338,-0.05133333333333337,0.25133333333333335,,
gaussian,fixed,50,0.0,0.99,1,0.9,0.1,162.75,0.5425,-0.13262264299748983,-0.1936363636363636,0.026666666666666644,0.12666666666666665,0.07333333333333333,,
gaussian,fixed,50,0.0,0.99,1,0.9,0.25,193.5,0.645,-0.11955171351828703,-0.08181818181818179,-0.6266666666666667,-0.5266666666666667,0.7266666666666667,,
gaussian,fixed,50,0.0,0.99,3,0.9,0.1,216.75,0.7225,0.2825566820412548,0.08784138655462181,-0.033333333333333354,0.06666666666666665,0.13333333333333333,,
gaussian,fixed,50,0.0,0.99,3,0.9,0.25,219.0,0.73,0.13955774672512106,0.01090909090909098,-0.011111111111111113,0.08888888888888889,0.11111111111111109,,
gaussian,fixed,50,0.0,0.99,5,0.9,0.1,225.0,0.75,0.19820369307101493,0.0,-0.07533333333333336,0.024666666666666642,0.17533333333333334,,
gaussian,fixed,50,0.0,0.99,5,0.9,0.25,224.25,0.7475,0.1475480332729041,0.025000000000000022,-0.0906666666666667,0.009333333333333305,0.19066666666666668,,
gaussian,fixed,50,0.3,0.95,1,0.9,0.1,161.25,0.5375,-0.059912006946526986,-0.06818181818181812,-0.6333333333333333,-0.5333333333333333,0.7333333333333333,,
gaussian,fixed,50,0.3,0.95,1,0.9,0.25,124.5,0.415,0.0455087707922378,0.15818181818181815,0.026666666666666644,0.12666666666666665,0.07333333333333333,,
gaussian,fixed,50,0.3,0.95,3,0.9,0.1,198.0,0.66,0.08429934859840876,0.22909090909090907,-0.04555555555555557,0.054444444444444434,0.14555555555555555,,
gaussian,fixed,50,0.3,0.95,3,0.9,0.25,202.5,0.675,0.11231958569502293,0.15919174961026505,-0.02444444444444445,0.07555555555555556,0.12444444444444443,,
gaussian,fixed,50,0.3,0.95,5,0.9,0.1,216.0,0.72,0.1318170210288722,0.1333333333333333,-0.07133333333333339,0.028666666666666618,0.17133333333333337,,
gaussian,fixed,50,0.3,0.95,5,0.9,0.25,221.25,0.7375,0.07263317991946083,-0.013837638376383743,-0.1426666666666667,-0.042666666666666686,0.24266666666666667,,
gaussian,fixed,50,0.3,0.99,1,0.9,0.1,162.75,0.5425,-0.058347012038223484,-0.06272727272727274,-0.64,-0.54,0.74,,
gaussian,fixed,50,0.3,0.99,1,0.9,0.25,124.5,0.415,0.0455087707922378,0.15818181818181815,0.026666666666666644,0.12666666666666665,0.07333333333333333,,
gaussian,fixed,50,0.3,0.99,3,0.9,0.1,198.0,0.66,0.1467656549728264,0.34388130252100846,-0.028888888888888936,0.07111111111111107,0.12888888888888891,,
gaussian,fixed,50,0.3,0.99,3,0.9,0.25,198.75,0.6625,0.1573200949024369,0.3311965811965812,-0.02555555555555558,0.07444444444444442,0.12555555555555556,,
gaussian,fixed,50,0.3,0.99,5,0.9,0.1,218.25,0.7275,0.06422119090000827,0.06684981684981683,-0.10000000000000003,-2.7755575615628914e-17,0.2,,
gaussian,fixed,50,0.3,0.99,5,0.9,0.25,219.0,0.73,0.12715910745007214,0.05631996268656714,-0.09,0.010000000000000009,0.18999999999999997,,
gaussian,fixed,50,0.7,0.95,1,0.9,0.1,144.0,0.48,-0.03681933457072323,-0.06545454545454549,0.026666666666666644,0.12666666666666665,0.07333333333333333,,
gaussian,fixed,50,0.7,0.95,1,0.9,0.25,117.75,0.3925,-0.03663250286044617,-0.06272727272727274,0.01666666666666665,0.11666666666666665,0.08333333333333333,,
gaussian,fixed,50,0.7,0.95,3,0.9,0.1,148.5,0.495,0.017262647829551392,-0.04377880184331795,-0.04777777777777778,0.052222222222222225,0.14777777777777776,,
gaussian,fixed,50,0.7,0.95,3,0.9,0.25,148.5,0.495,0.017262647829551392,-0.04377880184331795,-0.04999999999999999,0.05000000000000002,0.14999999999999997,,
gaussian,fixed,50,0.7,0.95,5,0.9,0.1,150.75,0.5025,-0.028809700291932056,-0.05830280830280832,-0.07666666666666669,0.023333333333333317,0.17666666666666667,,
gaussian,fixed,50,0.7,0.95,5,0.9,0.25,145.5,0.485,-0.03653396639160805,-0.09295075709377787,-0.08000000000000002,0.01999999999999999,0.18,,
gaussian,fixed,50,0.7,0.99,1,0.9,0.1,144.0,0.48,-0.03681933457072323,-0.06545454545454549,0.026666666666666644,0.12666666666666665,0.07333333333333333,,
gaussian,fixed,50,0.7,0.99,1,0.9,0.25,144.0,0.48,-0.03681933457072323,-0.06545454545454549,0.026666666666666644,0.12666666666666665,0.07333333333333333,,
gaussian,fixed,50,0.7,0.99,3,0.9,0.1,148.5,0.495,0.017262647829551392,-0.04377880184331795,-0.04777777777777778,0.052222222222222225,0.14777777777777776,,
gaussian,fixed,50,0.7,0.99,3,0.9,0.25,148.5,0.495,0.017262647829551392,-0.04377880184331795,-0.04777777777777778,0.052222222222222225,0.14777777777777776,,
gaussian,fixed,50,0.7,0.99,5,0.9,0.1,147.0,0.49,-0.0364900629166634,-0.09444444444444439,-0.08066666666666669,0.019333333333333313,0.18066666666666667,,
gaussian,fixed,50,0.7,0.99,5,0.9,0.25,152.25,0.5075,-0.04662665745197206,-0.06818181818181812,-0.07533333333333334,0.02466666666666667,0.1753333333333333,,
gaussian,mle,50,0.0,0.95,1,0.9,0.1,166.48400000000004,0.5549466666666668,0.39973941398901214,0.5330690623245368,0.043333333333333314,0.1433333333333333,0.056666666666666664,0.7287,0.8116800000000002
gaussian,mle,50,0.0,0.95,1,0.9,0.25,226.818,0.7560600000000001,-0.06209961511338205,0.007266704098820909,-0.61,-0.51,0.71,0.7287,0.8141800000000002
gaussian,mle,50,0.0,0.95,3,0.9,0.1,151.54600000000005,0.5051533333333335,0.0619645654290118,0.001704460333673774,-0.06333333333333335,0.03666666666666665,0.16333333333333333,0.6784,0.8103999999999999
gaussian,mle,50,0.0,0.95,3,0.9,0.25,171.567,0.57189,0.14858010482953404,0.07345781438328647,-0.014444444444444454,0.08555555555555555,0.11444444444444443,0.779,0.90464
gaussian,mle,50,0.0,0.95,5,0.9,0.1,199.22700000000003,0.6640900000000001,-0.03257351312441503,0.060412647919582674,-0.21466666666666673,-0.11466666666666672,0.3146666666666667,0.6534000000000001,0.9349200000000001
gaussian,mle,50,0.0,0.95,5,0.9,0.25,161.40200000000004,0.5380066666666669,-0.00040227814507465265,0.14488000000000006,-0.19533333333333336,-0.09533333333333335,0.29533333333333334,0.7162000000000001,1.00888
gaussian,mle,50,0.0,0.99,1,0.9,0.1,166.48400000000004,0.5549466666666668,0.39973941398901214,0.5330690623245368,0.043333333333333314,0.1433333333333333,0.056666666666666664,0.7287,0.8116800000000002
gaussian,mle,50,0.0,0.99,1,0.9,0.25,166.48400000000004,0.5549466666666668,0.39973941398901214,0.5330690623245368,0.043333333333333314,0.1433333333333333,0.056666666666666664,0.7287,0.8116800000000002
gaussian,mle,50,0.0,0.99,3,0.9,0.1,155.80900000000003,0.5193633333333334,0.029405759652803842,-0.0015445985494337844,-0.05888888888888888,0.041111111111111126,0.15888888888888886,1.0175,1.0428199999999999
gaussian,mle,50,0.0,0.99,3,0.9,0.25,181.563,0.6052099999999999,0.10631170173083243,0.001494545454545415,-0.05777777777777779,0.04222222222222222,0.15777777777777777,0.7662000000000001,0.89704
gaussian,mle,50,0.0,0.99,5,0.9,0.1,190.682,0.6356066666666667,0.251959893755008,0.3497961538461538,-0.096,0.0040000000000000036,0.19599999999999998,0.7979,1.024
gaussian,mle,50,0.0,0.99,5,0.9,0.25,198.00799999999998,0.6600266666666667,0.24077951831727457,0.2221433962264151,-0.1166666666666667,-0.01666666666666669,0.21666666666666667,0.6722,1.0315400000000001
gaussian,mle,50,0.3,0.95,1,0.9,0.1,97.53299999999999,0.32510999999999995,0.07376796913341385,0.28142307692307694,0.043333333333333314,0.1433333333333333,0.056666666666666664,0.9423000000000001,0.91848
gaussian,mle,50,0.3,0.95,1,0.9,0.25,80.49600000000001,0.26832000000000006,0.03265108810287383,0.06385401459854015,0.03333333333333331,0.1333333333333333,0.06666666666666667,0.9423000000000001,0.91848
gaussian,mle,50,0.3,0.95,3,0.9,0.1,139.024,0.46341333333333334,0.03519110870311837,0.24842222222222227,-0.04555555555555557,0.054444444444444434,0.14555555555555555,0.9672999999999998,0.9913200000000001
gaussian,mle,50,0.3,0.95,3,0.9,0.25,144.084,0.48028,0.11948116583235968,0.36833454545454547,-0.04333333333333336,0.05666666666666664,0.14333333333333334,0.7852,0.9699999999999999
gaussian,mle,50,0.3,0.95,5,0.9,0.1,147.19600000000003,0.49065333333333344,-0.07616261881928998,0.016577455504284744,-0.19933333333333336,-0.09933333333333336,0.29933333333333334,0.8606,1.0579
gaussian,mle,50,0.3,0.95,5,0.9,0.25,118.882,0.39627333333333337,0.22248968431446464,0.22948229548229546,-0.05400000000000002,0.045999999999999985,0.154,1.1183,1.22502
gaussian,mle,50,0.3,0.99,1,0.9,0.1,128.043,0.42681,0.1597230161206318,0.3927734418865806,0.043333333333333314,0.1433333333333333,0.056666666666666664,0.9423000000000001,0.91848
gaussian,mle,50,0.3,0.99,1,0.9,0.25,124.03799999999998,0.41345999999999994,0.1518935743276317,0.37815665356541267,0.03666666666666664,0.13666666666666666,0.06333333333333334,0.9423000000000001,0.9222400000000001
gaussian,mle,50,0.3,0.99,3,0.9,0.1,141.433,0.4714433333333333,0.07195002673725154,0.27999720149253726,-0.05444444444444446,0.045555555555555544,0.15444444444444444,1.0741,1.0830399999999998
gaussian,mle,50,0.3,0.99,3,0.9,0.25,140.22899999999998,0.46742999999999996,0.07239096358187946,0.24001327885597556,-0.05444444444444446,0.045555555555555544,0.15444444444444444,0.961,1.0039
gaussian,mle,50,0.3,0.99,5,0.9,0.1,157.87900000000002,0.5262633333333334,0.11309700300731199,0.41570320182276055,-0.07600000000000001,0.023999999999999994,0.176,0.8293000000000001,0.9738
gaussian,mle,50,0.3,0.99,5,0.9,0.25,155.336,0.5177866666666667,-0.038046345442679985,0.04933018189291949,-0.07666666666666669,0.023333333333333317,0.17666666666666667,0.7664,0.8506
gaussian,mle,50,0.7,0.95,1,0.9,0.1,130.06399999999996,0.4335466666666665,0.05102044552194414,0.05900673778775967,0.026666666666666644,0.12666666666666665,0.07333333333333333,1.2128999999999999,1.1411
gaussian,mle,50,0.7,0.95,1,0.9,0.25,126.35899999999998,0.4211966666666666,0.045054398524086506,0.04548483997754066,0.026666666666666644,0.12666666666666665,0.07333333333333333,1.2254,1.12978
gaussian,mle,50,0.7,0.95,3,0.9,0.1,55.40799999999999,0.1846933333333333,-0.021577935868676207,-0.028294999400407722,-0.06333333333333335,0.03666666666666665,0.16333333333333333,1.3256999999999999,1.33706
gaussian,mle,50,0.7,0.95,3,0.9,0.25,132.536,0.44178666666666666,-0.010771381740301761,-0.0029381818181817843,-0.06333333333333335,0.03666666666666665,0.16333333333333333,1.2943000000000002,1.4261800000000002
gaussian,mle,50,0.7,0.95,5,0.9,0.1,140.764,0.46921333333333337,-0.020269648196061307,0.013776585820895526,-0.08333333333333334,0.016666666666666663,0.18333333333333332,1.4011,1.46132
gaussian,mle,50,0.7,0.95,5,0.9,0.25,145.70100000000002,0.48567000000000005,-0.04049528993436055,-0.029761831048208787,-0.08266666666666667,0.01733333333333334,0.18266666666666664,1.4954,1.5229599999999999
gaussian,mle,50,0.7,0.99,1,0.9,0.1,20.823999999999998,0.06941333333333333,0.018646492612169625,0.06597754070746771,0.03999999999999998,0.13999999999999999,0.06,1.2316,1.18124
gaussian,mle,50,0.7,0.99,1,0.9,0.25,21.174,0.07058,0.019833350098704836,0.06725491297024144,0.023333333333333317,0.12333333333333332,0.07666666666666666,1.2128999999999999,1.17374
gaussian,mle,50,0.7,0.99,3,0.9,0.1,134.69599999999997,0.4489866666666666,-0.05218842435941734,-0.022625000000000006,-0.0566666666666667,0.04333333333333331,0.15666666666666668,1.2191,1.20002
gaussian,mle,50,0.7,0.99,3,0.9,0.25,135.373,0.4512433333333333,-0.08744683646331156,-0.06787547169811325,-0.061111111111111116,0.03888888888888889,0.1611111111111111,1.464,1.43632
gaussian,mle,50,0.7,0.99,5,0.9,0.1,145.70100000000002,0.48567000000000005,-0.03874853154547017,-0.04841792929292932,-0.08600000000000002,0.013999999999999985,0.186,1.508,1.4677399999999998
gaussian,mle,50,0.7,0.99,5,0.9,0.25,145.45000000000005,0.4848333333333335,-0.040574200610048156,-0.02065032345931228,-0.08266666666666667,0.01733333333333334,0.18266666666666664,1.3949000000000003,1.4149599999999998
gaussian,oracle,50,0.0,0.95,1,0.9,0.1,181.886,0.6062866666666666,-0.15562900023261816,-0.024603636363636272,0.026666666666666644,0.12666666666666665,0.07333333333333333,,
gaussian,oracle,50,0.0,0.95,1,0.9,0.25,181.886,0.6062866666666666,-0.15562900023261816,-0.024603636363636272,0.026666666666666644,0.12666666666666665,0.07333333333333333,,
gaussian,oracle,50,0.0,0.95,3,0.9,0.1,253.622,0.8454066666666668,-0.13358055976464045,0.37855026455026464,-0.04222222222222227,0.057777777777777733,0.14222222222222225,,
gaussian,oracle,50,0.0,0.95,3,0.9,0.25,263.787,0.8792899999999999,-0.17139473207260542,0.11037593283582081,-0.24777777777777776,-0.14777777777777776,0.34777777777777774,,
gaussian,oracle,50,0.0,0.95,5,0.9,0.1,246.892,0.8229733333333333,-0.19956217805116522,0.17979636363636364,-0.08733333333333335,0.01266666666666666,0.18733333333333332,,
gaussian,oracle,50,0.0,0.95,5,0.9,0.25,290.197,0.9673233333333333,-0.10178228064420092,0.2627818181818181,-0.098,0.0020000000000000018,0.19799999999999998,,
gaussian,oracle,50,0.0,0.99,1,0.9,0.1,272.028,0.9067600000000001,-0.06257704274339981,-0.08081454545454536,-0.64,-0.54,0.74,,
gaussian,oracle,50,0.0,0.99,1,0.9,0.25,272.028,0.9067600000000001,-0.06257704274339981,-0.08081454545454536,-0.64,-0.54,0.74,,
gaussian,oracle,50,0.0,0.99,3,0.9,0.1,251.673,0.83891,-0.14703469914609651,0.22074545454545447,-0.051111111111111135,0.04888888888888887,0.1511111111111111,,
gaussian,oracle,50,0.0,0.99,3,0.9,0.25,255.221,0.8507366666666667,-0.1339058780045047,0.1620388655462185,-0.24777777777777776,-0.14777777777777776,0.34777777777777774,,
gaussian,oracle,50,0.0,0.99,5,0.9,0.1,255.77100000000002,0.85257,-0.22269825692696965,0.2956260504201681,-0.0846666666666667,0.01533333333333331,0.18466666666666667,,
gaussian,oracle,50,0.0,0.99,5,0.9,0.25,270.414,0.90138,-0.2063853412123931,0.3671702898550724,-0.06533333333333333,0.03466666666666668,0.1653333333333333,,
gaussian,oracle,50,0.3,0.95,1,0.9,0.1,129.183,0.43061,-0.09478010986578006,-0.08246181818181825,0.026666666666666644,0.12666666666666665,0.07333333333333333,,
gaussian,oracle,50,0.3,0.95,1,0.9,0.25,147.34600000000003,0.49115333333333344,0.08119821804613656,0.1173309090909091,0.026666666666666644,0.12666666666666665,0.07333333333333333,,
gaussian,oracle,50,0.3,0.95,3,0.9,0.1,175.307,0.5843566666666666,-0.02607980809816518,0.1753025830258303,-0.041111111111111126,0.05888888888888888,0.1411111111111111,,
gaussian,oracle,50,0.3,0.95,3,0.9,0.25,185.824,0.6194133333333334,0.11999917346580402,0.30238518518518526,0.0111111111111111,0.1111111111111111,0.08888888888888888,,
gaussian,oracle,50,0.3,0.95,5,0.9,0.1,177.636,0.59212,-0.06918833641366329,0.13725157563025214,-0.07066666666666668,0.029333333333333322,0.17066666666666666,,
gaussian,oracle,50,0.3,0.95,5,0.9,0.25,191.79899999999998,0.63933,-0.2072019669320292,0.14118477818477826,-0.2,-0.1,0.3,,
gaussian,oracle,50,0.3,0.99,1,0.9,0.1,129.183,0.43061,-0.09478010986578006,-0.08246181818181825,0.026666666666666644,0.12666666666666665,0.07333333333333333,,
gaussian,oracle,50,0.3,0.99,1,0.9,0.25,129.183,0.43061,-0.09478010986578006,-0.08246181818181825,0.026666666666666644,0.12666666666666665,0.07333333333333333,,
gaussian,oracle,50,0.3,0.99,3,0.9,0.1,179.029,0.5967633333333333,-0.13641959464900139,0.1296134044890912,-0.25333333333333335,-0.15333333333333335,0.35333333333333333,,
gaussian,oracle,50,0.3,0.99,3,0.9,0.25,174.82599999999996,0.5827533333333332,-0.1439810681286675,0.14128864372226885,-0.2644444444444444,-0.16444444444444442,0.3644444444444444,,
gaussian,oracle,50,0.3,0.99,5,0.9,0.1,188.17,0.6272333333333333,-0.12318352985051922,0.21230496453900716,-0.066,0.034,0.16599999999999998,,
gaussian,oracle,50,0.3,0.99,5,0.9,0.25,182.88,0.6096,-0.08797032660357851,0.16443630443630447,-0.08133333333333334,0.018666666666666665,0.18133333333333332,,
gaussian,oracle,50,0.7,0.95,1,0.9,0.1,67.151,0.22383666666666666,-0.03700494904553908,-0.04110909090909093,0.026666666666666644,0.12666666666666665,0.07333333333333333,,
gaussian,oracle,50,0.7,0.95,1,0.9,0.25,50.04299999999999,0.16680999999999999,-0.14616058225998008,-0.062389090909090894,-0.6,-0.5,0.7,,
gaussian,oracle,50,0.7,0.95,3,0.9,0.1,104.494,0.3483133333333333,0.04084978760092001,0.011391304347826037,-0.007777777777777786,0.09222222222222222,0.10777777777777776,,
gaussian,oracle,50,0.7,0.95,3,0.9,0.25,101.43,0.3381,0.02606232999474281,0.01802734140784268,-0.003333333333333355,0.09666666666666665,0.10333333333333333,,
gaussian,oracle,50,0.7,0.95,5,0.9,0.1,131.995,0.43998333333333334,-0.04222386864875016,-0.026754754533392322,-0.09333333333333335,0.006666666666666654,0.19333333333333333,,
gaussian,oracle,50,0.7,0.95,5,0.9,0.25,135.572,0.4519066666666667,-0.0021352755356542352,7.407407407400424e-06,-0.07600000000000001,0.023999999999999994,0.176,,
gaussian,oracle,50,0.7,0.99,1,0.9,0.1,67.151,0.22383666666666666,-0.03700494904553908,-0.04110909090909093,0.026666666666666644,0.12666666666666665,0.07333333333333333,,
gaussian,oracle,50,0.7,0.99,1,0.9,0.25,84.721,0.28240333333333334,0.02208169351964591,0.00842545454545457,0.01666666666666665,0.11666666666666665,0.08333333333333333,,
gaussian,oracle,50,0.7,0.99,3,0.9,0.1,146.15999999999997,0.4871999999999999,0.014392154006262065,-0.023327578088212175,-0.052222222222222225,0.04777777777777778,0.1522222222222222,,
gaussian,oracle,50,0.7,0.99,3,0.9,0.25,144.58700000000002,0.4819566666666667,-0.006589950242369136,0.02994831094831102,-0.060000000000000026,0.03999999999999998,0.16,,
gaussian,oracle,50,0.7,0.99,5,0.9,0.1,138.208,0.46069333333333334,-0.03558981479428758,-0.02982222222222225,-0.07600000000000001,0.023999999999999994,0.176,,
gaussian,oracle,50,0.7,0.99,5,0.9,0.25,129.53199999999998,0.4317733333333333,-0.019520094733586957,0.01972644927536238,-0.07333333333333336,0.026666666666666644,0.17333333333333334,,
zipfian,fixed,50,0.0,0.95,1,0.9,0.1,137.25,0.4575,0.5032761554618456,0.4663636363636363,0.019999999999999976,0.11999999999999998,0.08,,
zipfian,fixed,50,0.0,0.95,1,0.9,0.25,113.25,0.3775,0.40816087729226697,0.3463636363636364,-0.003333333333333355,0.09666666666666665,0.10333333333333333,,
zipfian,fixed,50,0.0,0.95,3,0.9,0.1,151.5,0.505,0.3117312191869258,0.34510869565217395,-0.06888888888888892,0.03111111111111109,0.1688888888888889,,
zipfian,fixed,50,0.0,0.95,3,0.9,0.25,153.75,0.5125,0.3522742056431286,0.32066052227342545,-0.07333333333333336,0.026666666666666644,0.17333333333333334,,
zipfian,fixed,50,0.0,0.95,5,0.9,0.1,153.0,0.51,0.375404764104619,0.2857142857142857,-0.08733333333333335,0.01266666666666666,0.18733333333333332,,
zipfian,fixed,50,0.0,0.95,5,0.9,0.25,153.0,0.51,0.26587331230168765,0.23333333333333334,-0.08199999999999999,0.018000000000000016,0.18199999999999997,,
zipfian,fixed,50,0.0,0.99,1,0.9,0.1,137.25,0.4575,0.5032761554618456,0.4663636363636363,0.019999999999999976,0.11999999999999998,0.08,,
zipfian,fixed,50,0.0,0.99,1,0.9,0.25,137.25,0.4575,0.5032761554618456,0.4663636363636363,0.019999999999999976,0.11999999999999998,0.08,,
zipfian,fixed,50,0.0,0.99,3,0.9,0.1,153.75,0.5125,0.33388416999045467,0.32066052227342545,-0.06555555555555559,0.034444444444444416,0.16555555555555557,,
zipfian,fixed,50,0.0,0.99,3,0.9,0.25,151.5,0.505,0.31113513869651477,0.34510869565217395,-0.07111111111111112,0.02888888888888888,0.1711111111111111,,
zipfian,fixed,50,0.0,0.99,5,0.9,0.1,153.75,0.5125,0.31149204075672576,0.2579365079365079,-0.08533333333333334,0.014666666666666661,0.18533333333333332,,
zipfian,fixed,50,0.0,0.99,5,0.9,0.25,152.25,0.5075,0.1293608621607908,0.2938550420168067,-0.0886666666666667,0.011333333333333306,0.18866666666666668,,
zipfian,fixed,50,0.3,0.95,1,0.9,0.1,135.75,0.4525,0.4046584668823859,0.49363636363636365,0.019999999999999976,0.11999999999999998,0.08,,
zipfian,fixed,50,0.3,0.95,1,0.9,0.25,111.0,0.37,0.31711014404365284,0.37090909090909085,-0.01333333333333335,0.08666666666666666,0.11333333333333333,,
zipfian,fixed,50,0.3,0.95,3,0.9,0.1,150.0,0.5,0.32571896621722674,0.37364130434782605,-0.06888888888888892,0.03111111111111109,0.1688888888888889,,
zipfian,fixed,50,0.3,0.95,3,0.9,0.25,151.5,0.505,0.3508901041122884,0.38940092165898615,-0.0677777777777778,0.03222222222222221,0.16777777777777778,,
zipfian,fixed,50,0.3,0.95,5,0.9,0.1,154.5,0.515,0.1805220536283978,0.28494623655913975,-0.08866666666666667,0.011333333333333334,0.18866666666666665,,
zipfian,fixed,50,0.3,0.95,5,0.9,0.25,147.75,0.4925,0.29479138555165474,0.37342537218475635,-0.08400000000000002,0.015999999999999986,0.184,,
zipfian,fixed,50,0.3,0.99,1,0.9,0.1,135.75,0.4525,0.4046584668823859,0.49363636363636365,0.019999999999999976,0.11999999999999998,0.08,,
zipfian,fixed,50,0.3,0.99,1,0.9,0.25,135.75,0.4525,0.4046584668823859,0.49363636363636365,0.019999999999999976,0.11999999999999998,0.08,,
zipfian,fixed,50,0.3,0.99,3,0.9,0.1,152.25,0.5075,0.3432038479787088,0.3536866359447004,-0.06555555555555559,0.034444444444444416,0.16555555555555557,,
zipfian,fixed,50,0.3,0.99,3,0.9,0.25,149.25,0.4975,0.3162821755998003,0.3552077484559237,-0.06555555555555556,0.034444444444444444,0.16555555555555554,,
zipfian,fixed,50,0.3,0.99,5,0.9,0.1,148.5,0.495,0.24450123721840838,0.3277777777777778,-0.08800000000000002,0.011999999999999983,0.188,,
zipfian,fixed,50,0.3,0.99,5,0.9,0.25,150.75,0.5025,0.30124768675449853,0.26997709632268735,-0.08933333333333335,0.010666666666666658,0.18933333333333333,,
zipfian,fixed,50,0.7,0.95,1,0.9,0.1,143.25,0.4775,0.21582555237406773,0.1609090909090909,0.019999999999999976,0.11999999999999998,0.08,,
zipfian,fixed,50,0.7,0.95,1,0.9,0.25,117.0,0.39,0.1783602268255097,0.0981818181818182,-0.01333333333333335,0.08666666666666666,0.11333333333333333,,
zipfian,fixed,50,0.7,0.95,3,0.9,0.1,151.5,0.505,0.24724524522565544,0.35099846390168965,-0.06555555555555559,0.034444444444444416,0.16555555555555557,,
zipfian,fixed,50,0.7,0.95,3,0.9,0.25,151.5,0.505,0.24724524522565544,0.35099846390168965,-0.06555555555555559,0.034444444444444416,0.16555555555555557,,
zipfian,fixed,50,0.7,0.95,5,0.9,0.1,150.0,0.5,0.2025144422517497,0.13888888888888884,-0.08866666666666667,0.011333333333333334,0.18866666666666665,,
zipfian,fixed,50,0.7,0.95,5,0.9,0.25,152.25,0.5075,0.2004660672785023,0.11659663865546221,-0.09400000000000003,0.005999999999999978,0.194,,
zipfian,fixed,50,0.7,0.99,1,0.9,0.1,143.25,0.4775,0.21582555237406773,0.1609090909090909,0.019999999999999976,0.11999999999999998,0.08,,
zipfian,fixed,50,0.7,0.99,1,0.9,0.25,143.25,0.4775,0.21582555237406773,0.1609090909090909,0.019999999999999976,0.11999999999999998,0.08,,
zipfian,fixed,50,0.7,0.99,3,0.9,0.1,151.5,0.505,0.24724524522565544,0.35099846390168965,-0.06555555555555559,0.034444444444444416,0.16555555555555557,,
zipfian,fixed,50,0.7,0.99,3,0.9,0.25,151.5,0.505,0.24724524522565544,0.35099846390168965,-0.06555555555555559,0.034444444444444416,0.16555555555555557,,
zipfian,fixed,50,0.7,0.99,5,0.9,0.1,150.0,0.5,0.2025144422517497,0.13888888888888884,-0.08866666666666667,0.011333333333333334,0.18866666666666665,,
zipfian,fixed,50,0.7,0.99,5,0.9,0.25,150.0,0.5,0.2025144422517497,0.13888888888888884,-0.08800000000000002,0.011999999999999983,0.188,,
zipfian,mle,50,0.0,0.95,1,0.9,0.1,123.38199999999998,0.41127333333333327,0.34609653282067443,0.42494834362717576,0.023333333333333317,0.12333333333333332,0.07666666666666666,0.6028,1.1658
zipfian,mle,50,0.0,0.95,1,0.9,0.25,119.67699999999998,0.39892333333333324,0.3302282127812098,0.4114264458169568,0.01666666666666665,0.11666666666666665,0.08333333333333333,0.5839000000000001,1.1808599999999998
zipfian,mle,50,0.0,0.95,3,0.9,0.1,194.031,0.6467700000000001,0.2030263786137107,0.6051758004556902,-0.0677777777777778,0.03222222222222221,0.16777777777777778,1.0112,1.3957400000000002
zipfian,mle,50,0.0,0.95,3,0.9,0.25,191.305,0.6376833333333334,0.2744264889330539,0.646487466598804,-0.062222222222222234,0.03777777777777777,0.1622222222222222,0.9799000000000001,1.4183399999999997
zipfian,mle,50,0.0,0.95,5,0.9,0.1,140.83900000000003,0.4694633333333334,-0.0537074013952884,0.31863401149933657,-0.07533333333333334,0.02466666666666667,0.1753333333333333,0.917,1.44968
zipfian,mle,50,0.0,0.95,5,0.9,0.25,155.83400000000003,0.5194466666666667,0.28827162873417933,0.20338287313907621,-0.064,0.036000000000000004,0.16399999999999998,0.9798,1.4459599999999997
zipfian,mle,50,0.0,0.99,1,0.9,0.1,123.38199999999998,0.41127333333333327,0.34609653282067443,0.42494834362717576,-0.003333333333333355,0.09666666666666665,0.10333333333333333,0.5839000000000001,1.19592
zipfian,mle,50,0.0,0.99,1,0.9,0.25,119.67699999999998,0.39892333333333324,0.3302282127812098,0.4114264458169568,0.01666666666666665,0.11666666666666665,0.08333333333333333,0.5839000000000001,1.16076
zipfian,mle,50,0.0,0.99,3,0.9,0.1,196.45500000000004,0.6548500000000002,0.27748827617714317,0.615187265917603,-0.060000000000000026,0.03999999999999998,0.16,1.0050000000000001,1.5578199999999998
zipfian,mle,50,0.0,0.99,3,0.9,0.25,195.76400000000004,0.6525466666666668,0.2733726237861359,0.6361266598569969,-0.060000000000000026,0.03999999999999998,0.16,0.9547000000000001,1.4221199999999998
zipfian,mle,50,0.0,0.99,5,0.9,0.1,154.66500000000002,0.5155500000000001,0.3918095004389687,0.4044259259259259,-0.07666666666666669,0.023333333333333317,0.17666666666666667,1.181,1.5364999999999998
zipfian,mle,50,0.0,0.99,5,0.9,0.25,151.51200000000003,0.50504,0.347284051175374,0.4166749226006192,-0.07,0.03,0.16999999999999998,0.9358000000000001,1.4383799999999995
zipfian,mle,50,0.3,0.95,1,0.9,0.1,123.38199999999998,0.41127333333333327,0.30225778026771755,0.42494834362717576,0.023333333333333317,0.12333333333333332,0.07666666666666666,0.7787,1.21732
zipfian,mle,50,0.3,0.95,1,0.9,0.25,119.67699999999998,0.39892333333333324,0.2891266865056252,0.4114264458169568,0.01666666666666665,0.11666666666666665,0.08333333333333333,0.7598,1.23238
zipfian,mle,50,0.3,0.95,3,0.9,0.1,185.75400000000002,0.6191800000000001,0.16623451250544197,0.6498829595874804,-0.062222222222222234,0.03777777777777777,0.1622222222222222,1.1560000000000001,1.4397400000000002
zipfian,mle,50,0.3,0.95,3,0.9,0.25,187.86400000000003,0.6262133333333334,0.18098825789547474,0.6500898333121261,-0.07000000000000003,0.02999999999999997,0.17,1.0992,1.4647800000000002
zipfian,mle,50,0.3,0.95,5,0.9,0.1,148.92500000000004,0.4964166666666668,0.30856050935198365,0.4131855373728439,-0.07600000000000001,0.023999999999999994,0.176,1.3756999999999997,1.5978999999999997
zipfian,mle,50,0.3,0.95,5,0.9,0.25,139.27700000000004,0.4642566666666668,0.3221762363917462,0.42627734375000004,-0.06666666666666668,0.033333333333333326,0.16666666666666666,1.1557999999999997,1.5352199999999998
zipfian,mle,50,0.3,0.99,1,0.9,0.1,123.38199999999998,0.41127333333333327,0.30225778026771755,0.42494834362717576,-0.003333333333333355,0.09666666666666665,0.10333333333333333,0.7598,1.24744
zipfian,mle,50,0.3,0.99,1,0.9,0.25,119.67699999999998,0.39892333333333324,0.2891266865056252,0.4114264458169568,0.01666666666666665,0.11666666666666665,0.08333333333333333,0.7598,1.21228
zipfian,mle,50,0.3,0.99,3,0.9,0.1,189.03199999999998,0.6301066666666666,0.17785083909099192,0.6656629213483146,-0.062222222222222234,0.03777777777777777,0.1622222222222222,1.0301,1.4548
zipfian,mle,50,0.3,0.99,3,0.9,0.25,189.03199999999998,0.6301066666666666,0.17785083909099192,0.6656629213483146,-0.061111111111111116,0.03888888888888889,0.1611111111111111,1.0427000000000002,1.3970000000000002
zipfian,mle,50,0.3,0.99,5,0.9,0.1,141.72600000000003,0.4724200000000001,0.3108315429843581,0.5144940291906237,-0.07200000000000001,0.027999999999999997,0.172,1.4384,1.55154
zipfian,mle,50,0.3,0.99,5,0.9,0.25,146.66300000000004,0.4888766666666668,0.3296679822986572,0.5330541795665635,-0.07266666666666668,0.02733333333333332,0.17266666666666666,1.1744999999999999,1.53008
zipfian,mle,50,0.7,0.95,1,0.9,0.1,127.58999999999997,0.4252999999999999,0.23093738600931285,0.2631021897810219,0.023333333333333317,0.12333333333333332,0.07666666666666666,1.0425,1.2763600000000002
zipfian,mle,50,0.7,0.95,1,0.9,0.25,123.88499999999998,0.41294999999999993,0.22145592728371674,0.24958029197080295,0.01666666666666665,0.11666666666666665,0.08333333333333333,1.0236,1.29142
zipfian,mle,50,0.7,0.95,3,0.9,0.1,135.286,0.4509533333333333,0.1674879588285502,0.045458204334365315,-0.061111111111111116,0.03888888888888889,0.1611111111111111,1.6018000000000001,1.56286
zipfian,mle,50,0.7,0.95,3,0.9,0.25,129.862,0.43287333333333333,0.20728779052027135,0.127395088433643,-0.061111111111111116,0.03888888888888889,0.1611111111111111,1.3503999999999998,1.5163000000000002
zipfian,mle,50,0.7,0.95,5,0.9,0.1,147.36700000000002,0.4912233333333334,0.16756007107079068,0.32818199911543566,-0.07666666666666666,0.023333333333333345,0.17666666666666664,1.6142999999999996,1.60672
zipfian,mle,50,0.7,0.95,5,0.9,0.25,144.15100000000004,0.48050333333333345,0.16892226769130506,0.2532887073863636,-0.06866666666666668,0.031333333333333324,0.16866666666666666,1.4509999999999998,1.57918
zipfian,mle,50,0.7,0.99,1,0.9,0.1,127.58999999999997,0.4252999999999999,0.23093738600931285,0.2631021897810219,0.003333333333333313,0.10333333333333332,0.09666666666666666,1.0236,1.3027199999999999
zipfian,mle,50,0.7,0.99,1,0.9,0.25,123.88499999999998,0.41294999999999993,0.22145592728371674,0.24958029197080295,0.01666666666666665,0.11666666666666665,0.08333333333333333,1.0236,1.2876599999999998
zipfian,mle,50,0.7,0.99,3,0.9,0.1,133.93,0.44643333333333335,0.23281436860831986,0.11856656452162073,-0.060000000000000026,0.03999999999999998,0.16,1.3252000000000002,1.51258
zipfian,mle,50,0.7,0.99,3,0.9,0.25,133.25199999999998,0.44417333333333325,0.2397823635144269,0.11702641509433964,-0.062222222222222234,0.03777777777777777,0.1622222222222222,1.4509,1.4849199999999998
zipfian,mle,50,0.7,0.99,5,0.9,0.1,147.36700000000002,0.4912233333333334,0.18151931341328914,0.3960988805970149,-0.07666666666666666,0.023333333333333345,0.17666666666666664,1.3943,1.71226
zipfian,mle,50,0.7,0.99,5,0.9,0.25,150.58300000000003,0.5019433333333334,0.17534273477156845,0.3136026094648386,-0.07400000000000001,0.025999999999999995,0.174,1.5515999999999999,1.6030400000000002
zipfian,oracle,50,0.0,0.95,1,0.9,0.1,47.74399999999999,0.15914666666666663,0.03267557788016071,0.0712,0.019999999999999976,0.11999999999999998,0.08,,
zipfian,oracle,50,0.0,0.95,1,0.9,0.25,94.71400000000001,0.3157133333333334,0.07375609252966144,0.30274181818181817,0.019999999999999976,0.11999999999999998,0.08,,
zipfian,oracle,50,0.0,0.95,3,0.9,0.1,234.385,0.7812833333333333,-0.020172116993762174,0.38933323975294776,-0.06555555555555556,0.034444444444444444,0.16555555555555554,,
zipfian,oracle,50,0.0,0.95,3,0.9,0.25,236.284,0.7876133333333333,-0.017956815084703592,0.38225472689075624,-0.07333333333333336,0.026666666666666644,0.17333333333333334,,
zipfian,oracle,50,0.0,0.95,5,0.9,0.1,234.473,0.7815766666666667,-0.1257414124016154,0.20635363365248782,-0.07600000000000001,0.023999999999999994,0.176,,
zipfian,oracle,50,0.0,0.95,5,0.9,0.25,234.222,0.78074,-0.11337938043562407,0.2096043956043956,-0.07866666666666666,0.021333333333333343,0.17866666666666664,,
zipfian,oracle,50,0.0,0.99,1,0.9,0.1,223.826,0.7460866666666667,0.1629323977055559,0.7771709090909091,0.019999999999999976,0.11999999999999998,0.08,,
zipfian,oracle,50,0.0,0.99,1,0.9,0.25,223.826,0.7460866666666667,0.1629323977055559,0.7771709090909091,0.019999999999999976,0.11999999999999998,0.08,,
zipfian,oracle,50,0.0,0.99,3,0.9,0.1,237.578,0.7919266666666667,0.004677070613241602,0.4096497695852535,-0.06555555555555559,0.034444444444444416,0.16555555555555557,,
zipfian,oracle,50,0.0,0.99,3,0.9,0.25,237.578,0.7919266666666667,0.004677070613241602,0.4096497695852535,-0.0677777777777778,0.03222222222222221,0.16777777777777778,,
zipfian,oracle,50,0.0,0.99,5,0.9,0.1,229.00399999999996,0.7633466666666665,-0.03852146977291837,0.26657037037037035,-0.08866666666666667,0.011333333333333334,0.18866666666666665,,
zipfian,oracle,50,0.0,0.99,5,0.9,0.25,230.83300000000003,0.7694433333333334,-0.06464972478487721,0.3542,-0.08133333333333334,0.018666666666666665,0.18133333333333332,,
zipfian,oracle,50,0.3,0.95,1,0.9,0.1,58.781,0.19593666666666668,0.0316738933030647,0.06966181818181819,0.01666666666666665,0.11666666666666665,0.08333333333333333,,
zipfian,oracle,50,0.3,0.95,1,0.9,0.25,169.177,0.5639233333333333,0.1205992591908527,0.5801054545454547,0.003333333333333313,0.10333333333333332,0.09666666666666666,,
zipfian,oracle,50,0.3,0.95,3,0.9,0.1,205.51000000000005,0.6850333333333335,0.01017349789415159,0.3712945454545455,-0.07222222222222224,0.027777777777777762,0.17222222222222222,,
zipfian,oracle,50,0.3,0.95,3,0.9,0.25,194.828,0.6494266666666667,-0.011062501844570721,0.43711791128579447,-0.05555555555555558,0.044444444444444425,0.15555555555555556,,
zipfian,oracle,50,0.3,0.95,5,0.9,0.1,191.051,0.6368366666666666,0.012351143120252567,0.5392995522995523,-0.08733333333333335,0.01266666666666666,0.18733333333333332,,
zipfian,oracle,50,0.3,0.95,5,0.9,0.25,190.00900000000001,0.6333633333333334,-0.019735355404847388,0.4059222222222223,-0.08600000000000002,0.013999999999999985,0.186,,
zipfian,oracle,50,0.3,0.99,1,0.9,0.1,201.31099999999998,0.6710366666666666,0.14509700741255835,0.7068181818181818,0.019999999999999976,0.11999999999999998,0.08,,
zipfian,oracle,50,0.3,0.99,1,0.9,0.25,201.31099999999998,0.6710366666666666,0.14509700741255835,0.7068181818181818,0.019999999999999976,0.11999999999999998,0.08,,
zipfian,oracle,50,0.3,0.99,3,0.9,0.1,205.257,0.68419,0.009780366170058008,0.41679416282642096,-0.06555555555555559,0.034444444444444416,0.16555555555555557,,
zipfian,oracle,50,0.3,0.99,3,0.9,0.25,205.00700000000003,0.6833566666666667,0.019414494600027615,0.35030909090909096,-0.07111111111111112,0.02888888888888888,0.1711111111111111,,
zipfian,oracle,50,0.3,0.99,5,0.9,0.1,192.77300000000002,0.6425766666666668,-0.016110971872717206,0.34867777777777786,-0.08866666666666667,0.011333333333333334,0.18866666666666665,,
zipfian,oracle,50,0.3,0.99,5,0.9,0.25,202.16700000000003,0.6738900000000001,-0.02302949857176456,0.3894986919555265,-0.08533333333333337,0.014666666666666633,0.18533333333333335,,
zipfian,oracle,50,0.7,0.95,1,0.9,0.1,35.449999999999996,0.11816666666666666,0.008901696610764329,0.020647272727272736,0.01666666666666665,0.11666666666666665,0.08333333333333333,,
zipfian,oracle,50,0.7,0.95,1,0.9,0.25,141.43200000000002,0.4714400000000001,0.1169393676872358,0.4512872727272727,-0.003333333333333355,0.09666666666666665,0.10333333333333333,,
zipfian,oracle,50,0.7,0.95,3,0.9,0.1,169.46100000000004,0.5648700000000001,0.019747731920906453,0.4016523297491039,-0.06333333333333335,0.03666666666666665,0.16333333333333333,,
zipfian,oracle,50,0.7,0.95,3,0.9,0.25,168.59500000000003,0.5619833333333334,0.016913675009660845,0.4428904249871992,-0.06444444444444447,0.035555555555555535,0.16444444444444445,,
zipfian,oracle,50,0.7,0.95,5,0.9,0.1,158.10700000000003,0.5270233333333334,0.05137591242208853,0.3688037037037038,-0.08266666666666667,0.01733333333333334,0.18266666666666664,,
zipfian,oracle,50,0.7,0.95,5,0.9,0.25,149.24500000000003,0.49748333333333344,0.02870010323440425,0.39440195953683677,-0.08733333333333337,0.012666666666666632,0.18733333333333335,,
zipfian,oracle,50,0.7,0.99,1,0.9,0.1,169.46500000000003,0.5648833333333334,0.14159665195527327,0.5203672727272728,0.019999999999999976,0.11999999999999998,0.08,,
zipfian,oracle,50,0.7,0.99,1,0.9,0.25,169.46500000000003,0.5648833333333334,0.14159665195527327,0.5203672727272728,0.019999999999999976,0.11999999999999998,0.08,,
zipfian,oracle,50,0.7,0.99,3,0.9,0.1,168.77100000000002,0.56257,0.01275476434300532,0.39595340501792115,-0.06555555555555559,0.034444444444444416,0.16555555555555557,,
zipfian,oracle,50,0.7,0.99,3,0.9,0.25,171.22900000000004,0.5707633333333335,0.038128937817268005,0.46149223041908655,-0.040000000000000036,0.05999999999999997,0.14,,
zipfian,oracle,50,0.7,0.99,5,0.9,0.1,157.04100000000005,0.5234700000000002,0.08017570874652993,0.4321404151404151,-0.08533333333333334,0.014666666666666661,0.18533333333333332,,
zipfian,oracle,50,0.7,0.99,5,0.9,0.25,147.55300000000003,0.4918433333333334,0.05544364661373363,0.3929681893370658,-0.08266666666666667,0.01733333333333334,0.18266666666666664,,
